Area,Category,Item,Description,Date,Orders,Type of Order
Mystic Falls,Sides,Black Hole Fries,Fries with a dark garlic truffle sauce.,27-02-2023,136,Dining
Cyber City,Drinks,Health Potion Smoothie,A blend of red fruits with a secret energy mix.,28-01-2022,141,Dining
Neo Tokyo,Sides,Supernova Sweet Potato Fries,Sweet and spicy sweet potato fries with starlight mayo.,14-12-2021,153,Takeaway
Neo Tokyo,Burgers,Epic Stack,"A double beef patty with epic layers of crispy bacon, melted cheddar, and our secret Epic Sauce.",03-03-2023,23,Takeaway
Arcadia Bay,Burgers,Retro Reuben,"Corned beef, sauerkraut, Swiss cheese, and thousand island dressing on a rye bun.",01-07-2023,119,Takeaway
Neo Tokyo,Desserts,Cheat Code Cookies,Cookies with chocolate chips and candies.,12-11-2021,166,Takeaway
Neo Tokyo,Sides,Cosmic Rings,Onion rings with cosmic seasoning and intergalactic sauce.,09-05-2022,40,Takeaway
Arcadia Bay,Desserts,Save Point Sundae,"Ice cream, hot fudge, and sprinkles with a cherry on top.",05-07-2023,159,Takeaway
Elysium District,Drinks,Mana Milkshake,A blueberry milkshake that restores your energy.,05-05-2022,6,Dining
Neo Tokyo,Sides,Supernova Sweet Potato Fries,Sweet and spicy sweet potato fries with starlight mayo.,06-09-2023,145,Online
Neo Tokyo,Sides,Black Hole Fries,Fries with a dark garlic truffle sauce.,05-01-2022,200,Online
Arcadia Bay,Desserts,Save Point Sundae,"Ice cream, hot fudge, and sprinkles with a cherry on top.",17-05-2022,153,Online
Mystic Falls,Sides,Byte-Size Tots,Crispy tater tots with cheat-code cheese sauce.,24-09-2022,7,Online
Arcadia Bay,Burgers,Stealth Mode Mushroom,A grilled portobello cap with smoked gouda and garlic aioli.,01-03-2022,30,Dining
Neo Tokyo,Desserts,Save Point Sundae,"Ice cream, hot fudge, and sprinkles with a cherry on top.",06-11-2021,103,Takeaway
Mystic Falls,Burgers,Pixel Pepperjack,"A spicy beef burger with pepperjack cheese, jalapeños, and pixelated salsa.",20-11-2022,187,Takeaway
Neo Tokyo,Sides,Power-Up Fries,Seasoned fries with power-up dips.,06-03-2023,197,Dining
Cyber City,Sides,Supernova Sweet Potato Fries,Sweet and spicy sweet potato fries with starlight mayo.,04-06-2022,141,Dining
Cyber City,Desserts,Cheat Code Cookies,Cookies with chocolate chips and candies.,04-04-2022,64,Takeaway
Arcadia Bay,Burgers,Next Level Veggie,"A plant-based patty with grilled eggplant, zucchini, goat cheese, and green herb sauce.",10-12-2021,173,Online
Neo Tokyo,Drinks,Mana Milkshake,A blueberry milkshake that restores your energy.,01-01-2023,193,Dining
Elysium District,Desserts,Power Pellet Pops,Fruit-infused ice pops.,04-04-2023,48,Takeaway
Mystic Falls,Drinks,Health Potion Smoothie,A blend of red fruits with a secret energy mix.,30-08-2023,164,Dining
Elysium District,Desserts,Cheat Code Cookies,Cookies with chocolate chips and candies.,22-07-2022,71,Takeaway
Cyber City,Sides,Byte-Size Tots,Crispy tater tots with cheat-code cheese sauce.,02-10-2023,2,Dining
Elysium District,Sides,Supernova Sweet Potato Fries,Sweet and spicy sweet potato fries with starlight mayo.,01-04-2022,121,Takeaway
Mystic Falls,Drinks,XP Soda,A range of sodas in multiple epic flavors.,20-10-2023,155,Online
Cyber City,Sides,Quantum Fries,Seasoned fries with a secret spice blend.,02-02-2022,21,Takeaway
Elysium District,Burgers,Next Level Veggie,"A plant-based patty with grilled eggplant, zucchini, goat cheese, and green herb sauce.",03-04-2023,173,Dining
Cyber City,Burgers,Next Level Veggie,"A plant-based patty with grilled eggplant, zucchini, goat cheese, and green herb sauce.",01-12-2022,179,Online
Arcadia Bay,Burgers,Stealth Mode Mushroom,A grilled portobello cap with smoked gouda and garlic aioli.,23-05-2022,189,Dining
Arcadia Bay,Desserts,Power Pellet Pops,Fruit-infused ice pops.,04-01-2023,112,Dining
Elysium District,Burgers,Next Level Veggie,"A plant-based patty with grilled eggplant, zucchini, goat cheese, and green herb sauce.",01-07-2023,76,Online
Neo Tokyo,Desserts,Cheat Code Cookies,Cookies with chocolate chips and candies.,22-07-2023,94,Takeaway
Neo Tokyo,Desserts,Save Point Sundae,"Ice cream, hot fudge, and sprinkles with a cherry on top.",07-08-2022,22,Online
Arcadia Bay,Burgers,Pixel Pepperjack,"A spicy beef burger with pepperjack cheese, jalapeños, and pixelated salsa.",06-04-2022,12,Online
Neo Tokyo,Desserts,Save Point Sundae,"Ice cream, hot fudge, and sprinkles with a cherry on top.",26-02-2022,119,Online
Cyber City,Burgers,Retro Reuben,"Corned beef, sauerkraut, Swiss cheese, and thousand island dressing on a rye bun.",21-10-2022,117,Online
Arcadia Bay,Desserts,Cheat Code Cookies,Cookies with chocolate chips and candies.,02-01-2022,9,Dining
Mystic Falls,Desserts,Power Pellet Pops,Fruit-infused ice pops.,16-10-2022,112,Dining
Cyber City,Sides,Power-Up Fries,Seasoned fries with power-up dips.,11-04-2022,35,Dining
Mystic Falls,Burgers,Next Level Veggie,"A plant-based patty with grilled eggplant, zucchini, goat cheese, and green herb sauce.",08-08-2022,31,Takeaway
Mystic Falls,Desserts,Cheat Code Cookies,Cookies with chocolate chips and candies.,04-07-2022,82,Online
Neo Tokyo,Desserts,Save Point Sundae,"Ice cream, hot fudge, and sprinkles with a cherry on top.",24-09-2022,109,Online
Mystic Falls,Burgers,Retro Reuben,"Corned beef, sauerkraut, Swiss cheese, and thousand island dressing on a rye bun.",18-08-2022,33,Dining
Neo Tokyo,Burgers,Next Level Veggie,"A plant-based patty with grilled eggplant, zucchini, goat cheese, and green herb sauce.",06-12-2021,61,Online
Cyber City,Sides,Black Hole Fries,Fries with a dark garlic truffle sauce.,08-04-2023,168,Online
Cyber City,Sides,Byte-Size Tots,Crispy tater tots with cheat-code cheese sauce.,21-08-2023,29,Takeaway
Cyber City,Burgers,Epic Stack,"A double beef patty with epic layers of crispy bacon, melted cheddar, and our secret Epic Sauce.",17-02-2023,181,Takeaway
Neo Tokyo,Desserts,Power Pellet Pops,Fruit-infused ice pops.,12-03-2022,98,Dining
Mystic Falls,Desserts,Save Point Sundae,"Ice cream, hot fudge, and sprinkles with a cherry on top.",05-01-2023,187,Takeaway
Neo Tokyo,Drinks,Health Potion Smoothie,A blend of red fruits with a secret energy mix.,07-09-2023,7,Online
Elysium District,Desserts,Cheat Code Cookies,Cookies with chocolate chips and candies.,21-11-2021,104,Dining
Neo Tokyo,Sides,Byte-Size Tots,Crispy tater tots with cheat-code cheese sauce.,16-08-2022,64,Online
Neo Tokyo,Desserts,Save Point Sundae,"Ice cream, hot fudge, and sprinkles with a cherry on top.",03-02-2022,148,Takeaway
Neo Tokyo,Sides,Supernova Sweet Potato Fries,Sweet and spicy sweet potato fries with starlight mayo.,25-09-2023,124,Takeaway
Neo Tokyo,Drinks,Health Potion Smoothie,A blend of red fruits with a secret energy mix.,23-12-2022,165,Online
Elysium District,Drinks,Mana Milkshake,A blueberry milkshake that restores your energy.,09-07-2022,196,Online
Elysium District,Drinks,Health Potion Smoothie,A blend of red fruits with a secret energy mix.,17-04-2023,4,Online
Neo Tokyo,Desserts,Power Pellet Pops,Fruit-infused ice pops.,21-02-2023,145,Online
Cyber City,Desserts,Save Point Sundae,"Ice cream, hot fudge, and sprinkles with a cherry on top.",09-06-2022,148,Takeaway
Cyber City,Drinks,XP Soda,A range of sodas in multiple epic flavors.,27-10-2022,32,Takeaway
Cyber City,Drinks,XP Soda,A range of sodas in multiple epic flavors.,11-03-2023,122,Takeaway
Arcadia Bay,Sides,Quantum Fries,Seasoned fries with a secret spice blend.,07-02-2023,132,Online
Elysium District,Burgers,Epic Stack,"A double beef patty with epic layers of crispy bacon, melted cheddar, and our secret Epic Sauce.",13-02-2023,66,Dining
Cyber City,Burgers,Epic Stack,"A double beef patty with epic layers of crispy bacon, melted cheddar, and our secret Epic Sauce.",07-01-2023,65,Takeaway
Elysium District,Burgers,Epic Stack,"A double beef patty with epic layers of crispy bacon, melted cheddar, and our secret Epic Sauce.",24-06-2022,86,Takeaway
Neo Tokyo,Burgers,Pixel Pepperjack,"A spicy beef burger with pepperjack cheese, jalapeños, and pixelated salsa.",21-08-2023,130,Online
Arcadia Bay,Burgers,Next Level Veggie,"A plant-based patty with grilled eggplant, zucchini, goat cheese, and green herb sauce.",08-04-2023,108,Online
Arcadia Bay,Burgers,Epic Stack,"A double beef patty with epic layers of crispy bacon, melted cheddar, and our secret Epic Sauce.",13-09-2023,6,Online
Neo Tokyo,Sides,Power-Up Fries,Seasoned fries with power-up dips.,08-02-2022,146,Takeaway
Arcadia Bay,Desserts,Cheat Code Cookies,Cookies with chocolate chips and candies.,27-12-2022,59,Dining
Mystic Falls,Sides,Supernova Sweet Potato Fries,Sweet and spicy sweet potato fries with starlight mayo.,10-08-2022,90,Takeaway
Neo Tokyo,Desserts,Power Pellet Pops,Fruit-infused ice pops.,03-02-2023,36,Takeaway
Mystic Falls,Sides,Black Hole Fries,Fries with a dark garlic truffle sauce.,26-05-2022,4,Online
Cyber City,Drinks,XP Soda,A range of sodas in multiple epic flavors.,08-10-2022,28,Dining
Neo Tokyo,Drinks,XP Soda,A range of sodas in multiple epic flavors.,17-03-2023,66,Dining
Elysium District,Burgers,Pixel Pepperjack,"A spicy beef burger with pepperjack cheese, jalapeños, and pixelated salsa.",20-04-2022,116,Online
Cyber City,Burgers,Retro Reuben,"Corned beef, sauerkraut, Swiss cheese, and thousand island dressing on a rye bun.",21-04-2023,42,Online
Arcadia Bay,Burgers,Next Level Veggie,"A plant-based patty with grilled eggplant, zucchini, goat cheese, and green herb sauce.",08-10-2022,172,Online
Arcadia Bay,Drinks,XP Soda,A range of sodas in multiple epic flavors.,26-02-2023,178,Online
Mystic Falls,Sides,Byte-Size Tots,Crispy tater tots with cheat-code cheese sauce.,18-08-2023,36,Online
Neo Tokyo,Drinks,Health Potion Smoothie,A blend of red fruits with a secret energy mix.,12-04-2023,150,Dining
Cyber City,Sides,Cosmic Rings,Onion rings with cosmic seasoning and intergalactic sauce.,24-07-2022,167,Takeaway
Arcadia Bay,Desserts,Power Pellet Pops,Fruit-infused ice pops.,28-08-2023,18,Takeaway
Cyber City,Drinks,XP Soda,A range of sodas in multiple epic flavors.,16-01-2022,130,Takeaway
Elysium District,Burgers,Epic Stack,"A double beef patty with epic layers of crispy bacon, melted cheddar, and our secret Epic Sauce.",22-06-2022,56,Dining
Elysium District,Drinks,XP Soda,A range of sodas in multiple epic flavors.,07-07-2022,164,Online
Arcadia Bay,Burgers,Next Level Veggie,"A plant-based patty with grilled eggplant, zucchini, goat cheese, and green herb sauce.",15-11-2022,36,Dining
Arcadia Bay,Burgers,Next Level Veggie,"A plant-based patty with grilled eggplant, zucchini, goat cheese, and green herb sauce.",21-12-2022,189,Takeaway
Arcadia Bay,Burgers,Retro Reuben,"Corned beef, sauerkraut, Swiss cheese, and thousand island dressing on a rye bun.",23-12-2022,101,Takeaway
Arcadia Bay,Sides,Supernova Sweet Potato Fries,Sweet and spicy sweet potato fries with starlight mayo.,16-05-2023,199,Takeaway
Arcadia Bay,Burgers,Pixel Pepperjack,"A spicy beef burger with pepperjack cheese, jalapeños, and pixelated salsa.",01-11-2023,109,Takeaway
Neo Tokyo,Burgers,Avatar Avocado,A chicken burger with creamy avocado spread and sun-dried tomato mayo.,04-01-2022,100,Takeaway
Mystic Falls,Sides,Supernova Sweet Potato Fries,Sweet and spicy sweet potato fries with starlight mayo.,18-09-2023,171,Dining
Mystic Falls,Sides,Supernova Sweet Potato Fries,Sweet and spicy sweet potato fries with starlight mayo.,04-09-2022,135,Dining
Cyber City,Burgers,Pixel Pepperjack,"A spicy beef burger with pepperjack cheese, jalapeños, and pixelated salsa.",22-05-2022,156,Online
Arcadia Bay,Burgers,Next Level Veggie,"A plant-based patty with grilled eggplant, zucchini, goat cheese, and green herb sauce.",27-10-2022,48,Online
Arcadia Bay,Drinks,XP Soda,A range of sodas in multiple epic flavors.,27-01-2023,31,Online
Cyber City,Drinks,Health Potion Smoothie,A blend of red fruits with a secret energy mix.,23-02-2023,61,Dining
Arcadia Bay,Drinks,Mana Milkshake,A blueberry milkshake that restores your energy.,02-08-2022,75,Dining
Mystic Falls,Burgers,Next Level Veggie,"A plant-based patty with grilled eggplant, zucchini, goat cheese, and green herb sauce.",25-05-2023,179,Online
Elysium District,Sides,Quantum Fries,Seasoned fries with a secret spice blend.,04-05-2022,141,Online
Neo Tokyo,Burgers,Stealth Mode Mushroom,A grilled portobello cap with smoked gouda and garlic aioli.,01-05-2023,58,Online
Elysium District,Drinks,Mana Milkshake,A blueberry milkshake that restores your energy.,27-10-2022,22,Takeaway
Arcadia Bay,Sides,Byte-Size Tots,Crispy tater tots with cheat-code cheese sauce.,21-06-2023,156,Online
Cyber City,Desserts,Save Point Sundae,"Ice cream, hot fudge, and sprinkles with a cherry on top.",04-01-2023,79,Online
Mystic Falls,Burgers,Pixel Pepperjack,"A spicy beef burger with pepperjack cheese, jalapeños, and pixelated salsa.",22-06-2023,81,Takeaway
Mystic Falls,Drinks,Health Potion Smoothie,A blend of red fruits with a secret energy mix.,28-04-2023,113,Online
Neo Tokyo,Drinks,Health Potion Smoothie,A blend of red fruits with a secret energy mix.,09-05-2023,46,Takeaway
Mystic Falls,Sides,Cosmic Rings,Onion rings with cosmic seasoning and intergalactic sauce.,21-08-2023,137,Online
Mystic Falls,Sides,Quantum Fries,Seasoned fries with a secret spice blend.,12-04-2023,114,Dining
Elysium District,Burgers,Retro Reuben,"Corned beef, sauerkraut, Swiss cheese, and thousand island dressing on a rye bun.",19-02-2023,76,Dining
Arcadia Bay,Drinks,Mana Milkshake,A blueberry milkshake that restores your energy.,28-10-2023,197,Online
Arcadia Bay,Burgers,Next Level Veggie,"A plant-based patty with grilled eggplant, zucchini, goat cheese, and green herb sauce.",05-05-2023,71,Takeaway
Cyber City,Drinks,XP Soda,A range of sodas in multiple epic flavors.,17-06-2022,43,Takeaway
Mystic Falls,Drinks,Health Potion Smoothie,A blend of red fruits with a secret energy mix.,22-08-2022,50,Dining
Neo Tokyo,Sides,Cosmic Rings,Onion rings with cosmic seasoning and intergalactic sauce.,16-10-2023,184,Online
Cyber City,Desserts,Cheat Code Cookies,Cookies with chocolate chips and candies.,31-07-2023,102,Dining
Cyber City,Burgers,Retro Reuben,"Corned beef, sauerkraut, Swiss cheese, and thousand island dressing on a rye bun.",10-07-2023,43,Online
Arcadia Bay,Sides,Quantum Fries,Seasoned fries with a secret spice blend.,04-10-2022,41,Online
Cyber City,Desserts,Power Pellet Pops,Fruit-infused ice pops.,17-04-2023,52,Dining
Mystic Falls,Drinks,Mana Milkshake,A blueberry milkshake that restores your energy.,27-04-2023,57,Dining
Mystic Falls,Desserts,Save Point Sundae,"Ice cream, hot fudge, and sprinkles with a cherry on top.",11-06-2022,40,Takeaway
Cyber City,Burgers,Epic Stack,"A double beef patty with epic layers of crispy bacon, melted cheddar, and our secret Epic Sauce.",18-08-2022,95,Dining
Cyber City,Desserts,Save Point Sundae,"Ice cream, hot fudge, and sprinkles with a cherry on top.",22-04-2023,105,Takeaway
Elysium District,Burgers,Pixel Pepperjack,"A spicy beef burger with pepperjack cheese, jalapeños, and pixelated salsa.",23-06-2022,155,Dining
Mystic Falls,Sides,Byte-Size Tots,Crispy tater tots with cheat-code cheese sauce.,15-05-2023,63,Online
Neo Tokyo,Desserts,Power Pellet Pops,Fruit-infused ice pops.,08-03-2023,83,Dining
Cyber City,Burgers,Pixel Pepperjack,"A spicy beef burger with pepperjack cheese, jalapeños, and pixelated salsa.",11-04-2022,106,Takeaway
Cyber City,Desserts,Cheat Code Cookies,Cookies with chocolate chips and candies.,07-10-2022,50,Dining
Mystic Falls,Desserts,Cheat Code Cookies,Cookies with chocolate chips and candies.,08-03-2022,92,Takeaway
Arcadia Bay,Desserts,Save Point Sundae,"Ice cream, hot fudge, and sprinkles with a cherry on top.",17-04-2022,108,Takeaway
Cyber City,Sides,Black Hole Fries,Fries with a dark garlic truffle sauce.,11-08-2023,17,Takeaway
Mystic Falls,Desserts,Cheat Code Cookies,Cookies with chocolate chips and candies.,28-04-2022,192,Online
Elysium District,Desserts,Save Point Sundae,"Ice cream, hot fudge, and sprinkles with a cherry on top.",10-06-2022,124,Dining
Mystic Falls,Desserts,Save Point Sundae,"Ice cream, hot fudge, and sprinkles with a cherry on top.",03-08-2023,190,Online
Elysium District,Desserts,Power Pellet Pops,Fruit-infused ice pops.,23-09-2022,67,Dining
Neo Tokyo,Desserts,Save Point Sundae,"Ice cream, hot fudge, and sprinkles with a cherry on top.",26-07-2023,109,Dining
Neo Tokyo,Desserts,Power Pellet Pops,Fruit-infused ice pops.,17-08-2022,89,Online
Cyber City,Sides,Cosmic Rings,Onion rings with cosmic seasoning and intergalactic sauce.,12-06-2023,112,Dining
Elysium District,Burgers,Avatar Avocado,A chicken burger with creamy avocado spread and sun-dried tomato mayo.,15-10-2023,37,Online
Cyber City,Sides,Quantum Fries,Seasoned fries with a secret spice blend.,18-10-2023,73,Dining
Cyber City,Sides,Byte-Size Tots,Crispy tater tots with cheat-code cheese sauce.,01-07-2022,72,Dining
Cyber City,Drinks,XP Soda,A range of sodas in multiple epic flavors.,22-06-2022,77,Takeaway
Elysium District,Desserts,Save Point Sundae,"Ice cream, hot fudge, and sprinkles with a cherry on top.",08-06-2022,52,Takeaway
Neo Tokyo,Burgers,Pixel Pepperjack,"A spicy beef burger with pepperjack cheese, jalapeños, and pixelated salsa.",24-11-2022,9,Dining
Mystic Falls,Drinks,XP Soda,A range of sodas in multiple epic flavors.,23-04-2022,9,Takeaway
Neo Tokyo,Burgers,Avatar Avocado,A chicken burger with creamy avocado spread and sun-dried tomato mayo.,10-10-2023,111,Takeaway
Arcadia Bay,Sides,Black Hole Fries,Fries with a dark garlic truffle sauce.,31-03-2022,81,Dining
Arcadia Bay,Burgers,Pixel Pepperjack,"A spicy beef burger with pepperjack cheese, jalapeños, and pixelated salsa.",09-01-2023,68,Dining
Arcadia Bay,Sides,Cosmic Rings,Onion rings with cosmic seasoning and intergalactic sauce.,10-12-2022,71,Dining
Elysium District,Drinks,Mana Milkshake,A blueberry milkshake that restores your energy.,18-07-2022,155,Takeaway
Neo Tokyo,Sides,Supernova Sweet Potato Fries,Sweet and spicy sweet potato fries with starlight mayo.,15-07-2023,98,Online
Arcadia Bay,Drinks,Health Potion Smoothie,A blend of red fruits with a secret energy mix.,27-04-2023,166,Takeaway
Neo Tokyo,Burgers,Avatar Avocado,A chicken burger with creamy avocado spread and sun-dried tomato mayo.,06-10-2022,176,Dining
Mystic Falls,Sides,Byte-Size Tots,Crispy tater tots with cheat-code cheese sauce.,06-07-2022,178,Takeaway
Cyber City,Sides,Quantum Fries,Seasoned fries with a secret spice blend.,23-04-2022,17,Online
Elysium District,Sides,Supernova Sweet Potato Fries,Sweet and spicy sweet potato fries with starlight mayo.,15-12-2021,44,Online
Elysium District,Burgers,Stealth Mode Mushroom,A grilled portobello cap with smoked gouda and garlic aioli.,05-09-2023,199,Takeaway
Neo Tokyo,Drinks,Mana Milkshake,A blueberry milkshake that restores your energy.,23-06-2022,168,Online
Mystic Falls,Drinks,Health Potion Smoothie,A blend of red fruits with a secret energy mix.,23-01-2022,177,Dining
Cyber City,Drinks,XP Soda,A range of sodas in multiple epic flavors.,02-09-2023,142,Takeaway
Arcadia Bay,Drinks,Health Potion Smoothie,A blend of red fruits with a secret energy mix.,19-07-2023,166,Online
Elysium District,Drinks,Health Potion Smoothie,A blend of red fruits with a secret energy mix.,22-12-2021,117,Online
Mystic Falls,Drinks,Health Potion Smoothie,A blend of red fruits with a secret energy mix.,03-11-2021,109,Dining
Cyber City,Desserts,Save Point Sundae,"Ice cream, hot fudge, and sprinkles with a cherry on top.",28-03-2023,73,Dining
Neo Tokyo,Burgers,Epic Stack,"A double beef patty with epic layers of crispy bacon, melted cheddar, and our secret Epic Sauce.",22-09-2022,193,Online
Arcadia Bay,Drinks,Mana Milkshake,A blueberry milkshake that restores your energy.,16-08-2022,194,Takeaway
Mystic Falls,Sides,Supernova Sweet Potato Fries,Sweet and spicy sweet potato fries with starlight mayo.,20-11-2021,135,Online
Neo Tokyo,Sides,Power-Up Fries,Seasoned fries with power-up dips.,21-03-2023,32,Online
Mystic Falls,Burgers,Stealth Mode Mushroom,A grilled portobello cap with smoked gouda and garlic aioli.,18-06-2022,190,Dining
Cyber City,Sides,Power-Up Fries,Seasoned fries with power-up dips.,08-07-2023,87,Takeaway
Neo Tokyo,Sides,Quantum Fries,Seasoned fries with a secret spice blend.,11-07-2022,109,Online
Cyber City,Sides,Black Hole Fries,Fries with a dark garlic truffle sauce.,26-07-2022,5,Takeaway
Arcadia Bay,Desserts,Cheat Code Cookies,Cookies with chocolate chips and candies.,06-03-2023,184,Dining
Neo Tokyo,Desserts,Power Pellet Pops,Fruit-infused ice pops.,08-11-2021,167,Dining
Elysium District,Burgers,Retro Reuben,"Corned beef, sauerkraut, Swiss cheese, and thousand island dressing on a rye bun.",05-04-2023,17,Takeaway
Cyber City,Desserts,Power Pellet Pops,Fruit-infused ice pops.,15-03-2022,187,Online
Elysium District,Sides,Black Hole Fries,Fries with a dark garlic truffle sauce.,31-07-2022,136,Online
Arcadia Bay,Desserts,Power Pellet Pops,Fruit-infused ice pops.,03-12-2022,28,Online
Mystic Falls,Burgers,Epic Stack,"A double beef patty with epic layers of crispy bacon, melted cheddar, and our secret Epic Sauce.",12-02-2023,162,Dining
Mystic Falls,Burgers,Epic Stack,"A double beef patty with epic layers of crispy bacon, melted cheddar, and our secret Epic Sauce.",11-04-2022,114,Online
Mystic Falls,Drinks,Mana Milkshake,A blueberry milkshake that restores your energy.,08-05-2022,108,Online
Neo Tokyo,Desserts,Cheat Code Cookies,Cookies with chocolate chips and candies.,21-01-2023,181,Takeaway
Cyber City,Sides,Supernova Sweet Potato Fries,Sweet and spicy sweet potato fries with starlight mayo.,24-11-2022,82,Takeaway
Mystic Falls,Desserts,Save Point Sundae,"Ice cream, hot fudge, and sprinkles with a cherry on top.",06-09-2023,1,Takeaway
Mystic Falls,Desserts,Save Point Sundae,"Ice cream, hot fudge, and sprinkles with a cherry on top.",16-12-2021,169,Dining
Elysium District,Burgers,Epic Stack,"A double beef patty with epic layers of crispy bacon, melted cheddar, and our secret Epic Sauce.",04-11-2021,169,Online
Elysium District,Burgers,Next Level Veggie,"A plant-based patty with grilled eggplant, zucchini, goat cheese, and green herb sauce.",26-10-2022,105,Dining
Arcadia Bay,Sides,Cosmic Rings,Onion rings with cosmic seasoning and intergalactic sauce.,12-08-2023,77,Takeaway
Elysium District,Drinks,Health Potion Smoothie,A blend of red fruits with a secret energy mix.,03-02-2023,151,Online
Mystic Falls,Sides,Byte-Size Tots,Crispy tater tots with cheat-code cheese sauce.,14-03-2023,184,Online
Elysium District,Sides,Supernova Sweet Potato Fries,Sweet and spicy sweet potato fries with starlight mayo.,23-10-2023,181,Takeaway
Cyber City,Burgers,Next Level Veggie,"A plant-based patty with grilled eggplant, zucchini, goat cheese, and green herb sauce.",05-01-2023,35,Takeaway
Cyber City,Burgers,Next Level Veggie,"A plant-based patty with grilled eggplant, zucchini, goat cheese, and green herb sauce.",18-09-2022,124,Takeaway
Elysium District,Drinks,XP Soda,A range of sodas in multiple epic flavors.,28-01-2023,157,Dining
Elysium District,Desserts,Save Point Sundae,"Ice cream, hot fudge, and sprinkles with a cherry on top.",03-07-2023,83,Dining
Arcadia Bay,Burgers,Retro Reuben,"Corned beef, sauerkraut, Swiss cheese, and thousand island dressing on a rye bun.",11-03-2023,153,Dining
Arcadia Bay,Desserts,Cheat Code Cookies,Cookies with chocolate chips and candies.,08-09-2023,27,Takeaway
Neo Tokyo,Burgers,Retro Reuben,"Corned beef, sauerkraut, Swiss cheese, and thousand island dressing on a rye bun.",30-01-2023,114,Takeaway
Elysium District,Drinks,Health Potion Smoothie,A blend of red fruits with a secret energy mix.,21-08-2022,62,Takeaway
Arcadia Bay,Desserts,Power Pellet Pops,Fruit-infused ice pops.,31-10-2023,181,Online
Cyber City,Desserts,Cheat Code Cookies,Cookies with chocolate chips and candies.,24-02-2022,194,Online
Elysium District,Drinks,Health Potion Smoothie,A blend of red fruits with a secret energy mix.,27-09-2022,1,Online
Elysium District,Drinks,Health Potion Smoothie,A blend of red fruits with a secret energy mix.,14-06-2023,82,Dining
Cyber City,Drinks,XP Soda,A range of sodas in multiple epic flavors.,13-11-2022,86,Online
Neo Tokyo,Sides,Power-Up Fries,Seasoned fries with power-up dips.,01-11-2023,190,Online
Mystic Falls,Desserts,Cheat Code Cookies,Cookies with chocolate chips and candies.,18-06-2022,147,Takeaway
Elysium District,Drinks,Mana Milkshake,A blueberry milkshake that restores your energy.,25-02-2023,157,Takeaway
Arcadia Bay,Sides,Supernova Sweet Potato Fries,Sweet and spicy sweet potato fries with starlight mayo.,11-10-2023,101,Online
Neo Tokyo,Desserts,Save Point Sundae,"Ice cream, hot fudge, and sprinkles with a cherry on top.",10-06-2022,8,Online
Cyber City,Desserts,Save Point Sundae,"Ice cream, hot fudge, and sprinkles with a cherry on top.",10-06-2022,180,Dining
Elysium District,Desserts,Cheat Code Cookies,Cookies with chocolate chips and candies.,15-01-2022,7,Dining
Mystic Falls,Desserts,Power Pellet Pops,Fruit-infused ice pops.,07-08-2023,151,Dining
Neo Tokyo,Burgers,Pixel Pepperjack,"A spicy beef burger with pepperjack cheese, jalapeños, and pixelated salsa.",28-12-2021,54,Dining
Cyber City,Desserts,Save Point Sundae,"Ice cream, hot fudge, and sprinkles with a cherry on top.",14-11-2021,180,Dining
Arcadia Bay,Desserts,Save Point Sundae,"Ice cream, hot fudge, and sprinkles with a cherry on top.",06-04-2022,70,Takeaway
Neo Tokyo,Sides,Byte-Size Tots,Crispy tater tots with cheat-code cheese sauce.,01-03-2023,109,Dining
Neo Tokyo,Sides,Cosmic Rings,Onion rings with cosmic seasoning and intergalactic sauce.,06-08-2023,126,Dining
Cyber City,Burgers,Stealth Mode Mushroom,A grilled portobello cap with smoked gouda and garlic aioli.,06-01-2023,198,Dining
Neo Tokyo,Sides,Cosmic Rings,Onion rings with cosmic seasoning and intergalactic sauce.,02-11-2022,62,Online
Neo Tokyo,Drinks,Health Potion Smoothie,A blend of red fruits with a secret energy mix.,26-08-2023,68,Online
Neo Tokyo,Burgers,Next Level Veggie,"A plant-based patty with grilled eggplant, zucchini, goat cheese, and green herb sauce.",13-03-2023,72,Dining
Mystic Falls,Drinks,XP Soda,A range of sodas in multiple epic flavors.,14-04-2023,114,Dining
Neo Tokyo,Desserts,Power Pellet Pops,Fruit-infused ice pops.,08-01-2023,122,Dining
Elysium District,Drinks,XP Soda,A range of sodas in multiple epic flavors.,29-07-2023,69,Online
Mystic Falls,Burgers,Stealth Mode Mushroom,A grilled portobello cap with smoked gouda and garlic aioli.,24-02-2022,160,Takeaway
Elysium District,Drinks,Health Potion Smoothie,A blend of red fruits with a secret energy mix.,04-01-2023,118,Dining
Mystic Falls,Drinks,Health Potion Smoothie,A blend of red fruits with a secret energy mix.,21-04-2022,157,Takeaway
Arcadia Bay,Sides,Power-Up Fries,Seasoned fries with power-up dips.,23-02-2023,64,Dining
Arcadia Bay,Burgers,Next Level Veggie,"A plant-based patty with grilled eggplant, zucchini, goat cheese, and green herb sauce.",11-11-2022,133,Takeaway
Cyber City,Burgers,Stealth Mode Mushroom,A grilled portobello cap with smoked gouda and garlic aioli.,12-12-2021,108,Takeaway
Neo Tokyo,Sides,Black Hole Fries,Fries with a dark garlic truffle sauce.,09-07-2023,185,Dining
Mystic Falls,Sides,Byte-Size Tots,Crispy tater tots with cheat-code cheese sauce.,29-09-2023,159,Takeaway
Neo Tokyo,Sides,Cosmic Rings,Onion rings with cosmic seasoning and intergalactic sauce.,12-02-2022,94,Online
Neo Tokyo,Drinks,XP Soda,A range of sodas in multiple epic flavors.,16-03-2022,180,Takeaway
Arcadia Bay,Drinks,XP Soda,A range of sodas in multiple epic flavors.,15-09-2022,85,Online
Neo Tokyo,Burgers,Pixel Pepperjack,"A spicy beef burger with pepperjack cheese, jalapeños, and pixelated salsa.",22-02-2022,93,Takeaway
Mystic Falls,Desserts,Save Point Sundae,"Ice cream, hot fudge, and sprinkles with a cherry on top.",26-01-2022,6,Takeaway
Cyber City,Burgers,Pixel Pepperjack,"A spicy beef burger with pepperjack cheese, jalapeños, and pixelated salsa.",16-08-2023,116,Dining
Cyber City,Drinks,XP Soda,A range of sodas in multiple epic flavors.,15-11-2021,157,Takeaway
Arcadia Bay,Drinks,XP Soda,A range of sodas in multiple epic flavors.,08-04-2023,77,Online
Elysium District,Sides,Supernova Sweet Potato Fries,Sweet and spicy sweet potato fries with starlight mayo.,04-07-2022,153,Takeaway
Mystic Falls,Drinks,Mana Milkshake,A blueberry milkshake that restores your energy.,22-12-2022,35,Dining
Cyber City,Sides,Cosmic Rings,Onion rings with cosmic seasoning and intergalactic sauce.,10-01-2022,16,Online
Arcadia Bay,Sides,Black Hole Fries,Fries with a dark garlic truffle sauce.,28-08-2023,140,Online
Elysium District,Desserts,Power Pellet Pops,Fruit-infused ice pops.,19-11-2021,172,Online
Mystic Falls,Sides,Power-Up Fries,Seasoned fries with power-up dips.,11-08-2023,159,Online
Neo Tokyo,Sides,Black Hole Fries,Fries with a dark garlic truffle sauce.,19-12-2022,22,Online
Elysium District,Sides,Quantum Fries,Seasoned fries with a secret spice blend.,21-02-2022,197,Online
Arcadia Bay,Drinks,Health Potion Smoothie,A blend of red fruits with a secret energy mix.,28-02-2023,146,Takeaway
Arcadia Bay,Drinks,Mana Milkshake,A blueberry milkshake that restores your energy.,17-04-2022,162,Takeaway
Neo Tokyo,Drinks,Health Potion Smoothie,A blend of red fruits with a secret energy mix.,17-12-2021,80,Takeaway
Elysium District,Drinks,Health Potion Smoothie,A blend of red fruits with a secret energy mix.,07-09-2023,90,Online
Neo Tokyo,Burgers,Next Level Veggie,"A plant-based patty with grilled eggplant, zucchini, goat cheese, and green herb sauce.",02-08-2023,15,Online
Mystic Falls,Burgers,Next Level Veggie,"A plant-based patty with grilled eggplant, zucchini, goat cheese, and green herb sauce.",01-09-2022,142,Takeaway
Neo Tokyo,Drinks,Health Potion Smoothie,A blend of red fruits with a secret energy mix.,06-11-2021,63,Online
Cyber City,Drinks,Health Potion Smoothie,A blend of red fruits with a secret energy mix.,23-07-2022,71,Takeaway
Neo Tokyo,Drinks,XP Soda,A range of sodas in multiple epic flavors.,07-02-2022,78,Dining
Cyber City,Burgers,Pixel Pepperjack,"A spicy beef burger with pepperjack cheese, jalapeños, and pixelated salsa.",01-02-2023,55,Dining
Mystic Falls,Burgers,Next Level Veggie,"A plant-based patty with grilled eggplant, zucchini, goat cheese, and green herb sauce.",29-03-2022,27,Dining
Mystic Falls,Sides,Cosmic Rings,Onion rings with cosmic seasoning and intergalactic sauce.,25-09-2022,186,Online
Neo Tokyo,Burgers,Next Level Veggie,"A plant-based patty with grilled eggplant, zucchini, goat cheese, and green herb sauce.",30-01-2023,41,Takeaway
Elysium District,Sides,Cosmic Rings,Onion rings with cosmic seasoning and intergalactic sauce.,28-02-2023,126,Takeaway
Mystic Falls,Burgers,Pixel Pepperjack,"A spicy beef burger with pepperjack cheese, jalapeños, and pixelated salsa.",02-09-2022,17,Dining
Mystic Falls,Sides,Black Hole Fries,Fries with a dark garlic truffle sauce.,25-09-2022,8,Online
Neo Tokyo,Burgers,Avatar Avocado,A chicken burger with creamy avocado spread and sun-dried tomato mayo.,26-01-2023,198,Dining
Elysium District,Drinks,Health Potion Smoothie,A blend of red fruits with a secret energy mix.,13-06-2022,145,Takeaway
Mystic Falls,Drinks,Mana Milkshake,A blueberry milkshake that restores your energy.,25-02-2023,133,Online
Arcadia Bay,Burgers,Stealth Mode Mushroom,A grilled portobello cap with smoked gouda and garlic aioli.,01-01-2023,61,Dining
Mystic Falls,Sides,Quantum Fries,Seasoned fries with a secret spice blend.,21-08-2022,73,Online
Arcadia Bay,Drinks,XP Soda,A range of sodas in multiple epic flavors.,08-05-2022,108,Takeaway
Arcadia Bay,Desserts,Cheat Code Cookies,Cookies with chocolate chips and candies.,08-04-2022,8,Dining
Mystic Falls,Drinks,Health Potion Smoothie,A blend of red fruits with a secret energy mix.,11-04-2023,152,Takeaway
Cyber City,Burgers,Retro Reuben,"Corned beef, sauerkraut, Swiss cheese, and thousand island dressing on a rye bun.",17-03-2022,193,Online
Mystic Falls,Desserts,Cheat Code Cookies,Cookies with chocolate chips and candies.,30-05-2023,72,Dining
Arcadia Bay,Burgers,Avatar Avocado,A chicken burger with creamy avocado spread and sun-dried tomato mayo.,29-03-2023,21,Takeaway
Cyber City,Drinks,XP Soda,A range of sodas in multiple epic flavors.,12-08-2023,18,Online
Neo Tokyo,Sides,Cosmic Rings,Onion rings with cosmic seasoning and intergalactic sauce.,11-08-2022,70,Dining
Cyber City,Drinks,Health Potion Smoothie,A blend of red fruits with a secret energy mix.,24-01-2022,82,Takeaway
Elysium District,Desserts,Power Pellet Pops,Fruit-infused ice pops.,16-08-2023,95,Online
Neo Tokyo,Burgers,Pixel Pepperjack,"A spicy beef burger with pepperjack cheese, jalapeños, and pixelated salsa.",26-01-2023,198,Dining
Elysium District,Desserts,Save Point Sundae,"Ice cream, hot fudge, and sprinkles with a cherry on top.",28-06-2022,162,Takeaway
Arcadia Bay,Sides,Power-Up Fries,Seasoned fries with power-up dips.,02-03-2023,9,Dining
Arcadia Bay,Desserts,Cheat Code Cookies,Cookies with chocolate chips and candies.,20-09-2023,96,Dining
Elysium District,Sides,Cosmic Rings,Onion rings with cosmic seasoning and intergalactic sauce.,13-01-2023,31,Online
Arcadia Bay,Burgers,Retro Reuben,"Corned beef, sauerkraut, Swiss cheese, and thousand island dressing on a rye bun.",22-02-2023,194,Dining
Arcadia Bay,Desserts,Power Pellet Pops,Fruit-infused ice pops.,24-06-2022,34,Online
Arcadia Bay,Desserts,Save Point Sundae,"Ice cream, hot fudge, and sprinkles with a cherry on top.",04-03-2022,106,Online
Mystic Falls,Drinks,XP Soda,A range of sodas in multiple epic flavors.,25-05-2022,170,Takeaway
Arcadia Bay,Desserts,Cheat Code Cookies,Cookies with chocolate chips and candies.,07-05-2022,41,Dining
Arcadia Bay,Desserts,Cheat Code Cookies,Cookies with chocolate chips and candies.,27-04-2023,133,Dining
Neo Tokyo,Drinks,XP Soda,A range of sodas in multiple epic flavors.,29-04-2023,166,Online
Cyber City,Burgers,Next Level Veggie,"A plant-based patty with grilled eggplant, zucchini, goat cheese, and green herb sauce.",18-12-2021,191,Dining
Neo Tokyo,Drinks,Mana Milkshake,A blueberry milkshake that restores your energy.,06-03-2022,135,Takeaway
Cyber City,Sides,Power-Up Fries,Seasoned fries with power-up dips.,16-04-2023,172,Dining
Elysium District,Desserts,Save Point Sundae,"Ice cream, hot fudge, and sprinkles with a cherry on top.",07-09-2022,70,Takeaway
Cyber City,Desserts,Cheat Code Cookies,Cookies with chocolate chips and candies.,18-07-2022,38,Takeaway
Mystic Falls,Burgers,Next Level Veggie,"A plant-based patty with grilled eggplant, zucchini, goat cheese, and green herb sauce.",02-09-2023,46,Takeaway
Cyber City,Burgers,Retro Reuben,"Corned beef, sauerkraut, Swiss cheese, and thousand island dressing on a rye bun.",11-11-2022,164,Takeaway
Mystic Falls,Drinks,XP Soda,A range of sodas in multiple epic flavors.,12-11-2022,41,Dining
Cyber City,Desserts,Save Point Sundae,"Ice cream, hot fudge, and sprinkles with a cherry on top.",12-08-2022,131,Online
Cyber City,Drinks,XP Soda,A range of sodas in multiple epic flavors.,10-06-2023,80,Online
Elysium District,Burgers,Pixel Pepperjack,"A spicy beef burger with pepperjack cheese, jalapeños, and pixelated salsa.",21-11-2021,123,Online
Cyber City,Desserts,Power Pellet Pops,Fruit-infused ice pops.,28-07-2022,16,Takeaway
Neo Tokyo,Sides,Byte-Size Tots,Crispy tater tots with cheat-code cheese sauce.,10-12-2021,161,Dining
Elysium District,Sides,Black Hole Fries,Fries with a dark garlic truffle sauce.,11-06-2023,68,Online
Arcadia Bay,Burgers,Next Level Veggie,"A plant-based patty with grilled eggplant, zucchini, goat cheese, and green herb sauce.",25-01-2022,68,Takeaway
Arcadia Bay,Drinks,Mana Milkshake,A blueberry milkshake that restores your energy.,20-06-2022,107,Takeaway
Arcadia Bay,Drinks,Health Potion Smoothie,A blend of red fruits with a secret energy mix.,10-05-2023,143,Takeaway
Cyber City,Burgers,Stealth Mode Mushroom,A grilled portobello cap with smoked gouda and garlic aioli.,12-05-2023,73,Dining
Mystic Falls,Drinks,Mana Milkshake,A blueberry milkshake that restores your energy.,06-05-2023,189,Dining
Neo Tokyo,Burgers,Epic Stack,"A double beef patty with epic layers of crispy bacon, melted cheddar, and our secret Epic Sauce.",04-08-2022,29,Takeaway
Cyber City,Burgers,Retro Reuben,"Corned beef, sauerkraut, Swiss cheese, and thousand island dressing on a rye bun.",11-01-2022,57,Takeaway
Neo Tokyo,Sides,Quantum Fries,Seasoned fries with a secret spice blend.,18-08-2022,59,Online
Elysium District,Drinks,Health Potion Smoothie,A blend of red fruits with a secret energy mix.,10-03-2022,61,Dining
Mystic Falls,Sides,Byte-Size Tots,Crispy tater tots with cheat-code cheese sauce.,15-04-2022,47,Takeaway
Cyber City,Drinks,XP Soda,A range of sodas in multiple epic flavors.,19-08-2023,116,Dining
Mystic Falls,Drinks,Health Potion Smoothie,A blend of red fruits with a secret energy mix.,23-08-2023,166,Takeaway
Elysium District,Drinks,Health Potion Smoothie,A blend of red fruits with a secret energy mix.,13-08-2022,162,Online
Elysium District,Burgers,Retro Reuben,"Corned beef, sauerkraut, Swiss cheese, and thousand island dressing on a rye bun.",14-07-2022,145,Dining
Elysium District,Sides,Byte-Size Tots,Crispy tater tots with cheat-code cheese sauce.,17-01-2023,195,Dining
Mystic Falls,Burgers,Avatar Avocado,A chicken burger with creamy avocado spread and sun-dried tomato mayo.,11-07-2023,182,Dining
Cyber City,Sides,Black Hole Fries,Fries with a dark garlic truffle sauce.,10-09-2023,129,Dining
Mystic Falls,Sides,Quantum Fries,Seasoned fries with a secret spice blend.,22-10-2022,186,Takeaway
Elysium District,Desserts,Power Pellet Pops,Fruit-infused ice pops.,02-01-2023,195,Dining
Neo Tokyo,Desserts,Power Pellet Pops,Fruit-infused ice pops.,28-08-2022,100,Online
Neo Tokyo,Burgers,Avatar Avocado,A chicken burger with creamy avocado spread and sun-dried tomato mayo.,29-12-2022,152,Online
Mystic Falls,Burgers,Next Level Veggie,"A plant-based patty with grilled eggplant, zucchini, goat cheese, and green herb sauce.",14-06-2022,104,Dining
Cyber City,Desserts,Cheat Code Cookies,Cookies with chocolate chips and candies.,11-12-2021,13,Dining
Neo Tokyo,Drinks,XP Soda,A range of sodas in multiple epic flavors.,26-10-2022,126,Online
Elysium District,Sides,Byte-Size Tots,Crispy tater tots with cheat-code cheese sauce.,25-03-2023,27,Online
Cyber City,Desserts,Cheat Code Cookies,Cookies with chocolate chips and candies.,27-09-2022,113,Dining
Mystic Falls,Burgers,Stealth Mode Mushroom,A grilled portobello cap with smoked gouda and garlic aioli.,17-04-2023,84,Takeaway
Cyber City,Sides,Byte-Size Tots,Crispy tater tots with cheat-code cheese sauce.,23-11-2021,43,Takeaway
Elysium District,Sides,Power-Up Fries,Seasoned fries with power-up dips.,04-06-2023,132,Online
Elysium District,Burgers,Stealth Mode Mushroom,A grilled portobello cap with smoked gouda and garlic aioli.,25-01-2023,151,Dining
Arcadia Bay,Desserts,Save Point Sundae,"Ice cream, hot fudge, and sprinkles with a cherry on top.",19-09-2023,11,Takeaway
Cyber City,Sides,Power-Up Fries,Seasoned fries with power-up dips.,15-11-2021,195,Online
Elysium District,Burgers,Next Level Veggie,"A plant-based patty with grilled eggplant, zucchini, goat cheese, and green herb sauce.",29-10-2023,83,Dining
Neo Tokyo,Burgers,Stealth Mode Mushroom,A grilled portobello cap with smoked gouda and garlic aioli.,11-09-2022,51,Takeaway
Neo Tokyo,Desserts,Save Point Sundae,"Ice cream, hot fudge, and sprinkles with a cherry on top.",14-04-2023,71,Takeaway
Arcadia Bay,Desserts,Power Pellet Pops,Fruit-infused ice pops.,03-05-2022,35,Dining
Mystic Falls,Burgers,Epic Stack,"A double beef patty with epic layers of crispy bacon, melted cheddar, and our secret Epic Sauce.",11-02-2022,46,Dining
Mystic Falls,Drinks,Mana Milkshake,A blueberry milkshake that restores your energy.,23-08-2023,87,Dining
Mystic Falls,Burgers,Retro Reuben,"Corned beef, sauerkraut, Swiss cheese, and thousand island dressing on a rye bun.",17-02-2023,26,Online
Neo Tokyo,Desserts,Save Point Sundae,"Ice cream, hot fudge, and sprinkles with a cherry on top.",16-08-2023,43,Online
Mystic Falls,Burgers,Retro Reuben,"Corned beef, sauerkraut, Swiss cheese, and thousand island dressing on a rye bun.",21-08-2023,66,Online
Arcadia Bay,Burgers,Epic Stack,"A double beef patty with epic layers of crispy bacon, melted cheddar, and our secret Epic Sauce.",24-09-2023,97,Dining
Arcadia Bay,Sides,Byte-Size Tots,Crispy tater tots with cheat-code cheese sauce.,25-01-2023,6,Dining
Arcadia Bay,Desserts,Cheat Code Cookies,Cookies with chocolate chips and candies.,03-01-2022,75,Dining
Cyber City,Burgers,Pixel Pepperjack,"A spicy beef burger with pepperjack cheese, jalapeños, and pixelated salsa.",27-04-2022,138,Takeaway
Elysium District,Burgers,Pixel Pepperjack,"A spicy beef burger with pepperjack cheese, jalapeños, and pixelated salsa.",07-03-2023,180,Online
Cyber City,Desserts,Cheat Code Cookies,Cookies with chocolate chips and candies.,21-06-2022,85,Dining
Neo Tokyo,Sides,Black Hole Fries,Fries with a dark garlic truffle sauce.,20-10-2022,152,Online
Neo Tokyo,Drinks,Health Potion Smoothie,A blend of red fruits with a secret energy mix.,29-10-2023,107,Dining
Cyber City,Drinks,XP Soda,A range of sodas in multiple epic flavors.,06-08-2022,63,Takeaway
Arcadia Bay,Burgers,Next Level Veggie,"A plant-based patty with grilled eggplant, zucchini, goat cheese, and green herb sauce.",03-06-2022,65,Dining
Cyber City,Burgers,Retro Reuben,"Corned beef, sauerkraut, Swiss cheese, and thousand island dressing on a rye bun.",20-09-2022,29,Takeaway
Mystic Falls,Drinks,Health Potion Smoothie,A blend of red fruits with a secret energy mix.,26-05-2023,37,Online
Arcadia Bay,Burgers,Retro Reuben,"Corned beef, sauerkraut, Swiss cheese, and thousand island dressing on a rye bun.",24-09-2023,141,Takeaway
Mystic Falls,Drinks,XP Soda,A range of sodas in multiple epic flavors.,23-04-2022,169,Dining
Cyber City,Burgers,Avatar Avocado,A chicken burger with creamy avocado spread and sun-dried tomato mayo.,14-12-2021,94,Online
Mystic Falls,Sides,Quantum Fries,Seasoned fries with a secret spice blend.,25-07-2023,30,Online
Arcadia Bay,Burgers,Next Level Veggie,"A plant-based patty with grilled eggplant, zucchini, goat cheese, and green herb sauce.",20-07-2023,8,Dining
Cyber City,Drinks,Health Potion Smoothie,A blend of red fruits with a secret energy mix.,16-04-2022,139,Takeaway
Elysium District,Drinks,Health Potion Smoothie,A blend of red fruits with a secret energy mix.,11-04-2023,21,Takeaway
Arcadia Bay,Drinks,Mana Milkshake,A blueberry milkshake that restores your energy.,21-07-2023,17,Online
Cyber City,Desserts,Save Point Sundae,"Ice cream, hot fudge, and sprinkles with a cherry on top.",22-06-2022,10,Dining
Arcadia Bay,Burgers,Stealth Mode Mushroom,A grilled portobello cap with smoked gouda and garlic aioli.,17-04-2023,83,Takeaway
Arcadia Bay,Desserts,Save Point Sundae,"Ice cream, hot fudge, and sprinkles with a cherry on top.",10-01-2022,47,Takeaway
Mystic Falls,Drinks,XP Soda,A range of sodas in multiple epic flavors.,29-05-2023,39,Online
Cyber City,Desserts,Cheat Code Cookies,Cookies with chocolate chips and candies.,02-11-2021,157,Online
Elysium District,Sides,Quantum Fries,Seasoned fries with a secret spice blend.,17-07-2023,128,Takeaway
Mystic Falls,Desserts,Cheat Code Cookies,Cookies with chocolate chips and candies.,31-05-2023,157,Dining
Arcadia Bay,Desserts,Cheat Code Cookies,Cookies with chocolate chips and candies.,09-07-2022,51,Dining
Neo Tokyo,Sides,Quantum Fries,Seasoned fries with a secret spice blend.,28-09-2022,61,Takeaway
Neo Tokyo,Sides,Quantum Fries,Seasoned fries with a secret spice blend.,02-05-2022,179,Takeaway
Cyber City,Desserts,Power Pellet Pops,Fruit-infused ice pops.,07-08-2023,114,Online
Cyber City,Burgers,Pixel Pepperjack,"A spicy beef burger with pepperjack cheese, jalapeños, and pixelated salsa.",08-12-2022,178,Online
Arcadia Bay,Drinks,Health Potion Smoothie,A blend of red fruits with a secret energy mix.,12-05-2023,118,Online
Mystic Falls,Drinks,Mana Milkshake,A blueberry milkshake that restores your energy.,07-10-2023,118,Dining
Arcadia Bay,Sides,Black Hole Fries,Fries with a dark garlic truffle sauce.,09-04-2023,18,Dining
Elysium District,Sides,Cosmic Rings,Onion rings with cosmic seasoning and intergalactic sauce.,17-01-2022,174,Dining
Neo Tokyo,Drinks,XP Soda,A range of sodas in multiple epic flavors.,31-08-2023,71,Dining
Arcadia Bay,Sides,Power-Up Fries,Seasoned fries with power-up dips.,03-08-2022,104,Takeaway
Mystic Falls,Burgers,Retro Reuben,"Corned beef, sauerkraut, Swiss cheese, and thousand island dressing on a rye bun.",20-04-2023,39,Dining
Neo Tokyo,Sides,Power-Up Fries,Seasoned fries with power-up dips.,20-12-2021,176,Takeaway
Mystic Falls,Burgers,Next Level Veggie,"A plant-based patty with grilled eggplant, zucchini, goat cheese, and green herb sauce.",10-08-2023,173,Takeaway
Elysium District,Desserts,Cheat Code Cookies,Cookies with chocolate chips and candies.,03-02-2022,37,Takeaway
Cyber City,Sides,Black Hole Fries,Fries with a dark garlic truffle sauce.,11-07-2023,159,Dining
Mystic Falls,Desserts,Cheat Code Cookies,Cookies with chocolate chips and candies.,26-09-2023,176,Takeaway
Arcadia Bay,Desserts,Cheat Code Cookies,Cookies with chocolate chips and candies.,10-11-2021,8,Dining
Arcadia Bay,Burgers,Next Level Veggie,"A plant-based patty with grilled eggplant, zucchini, goat cheese, and green herb sauce.",12-11-2021,20,Dining
Elysium District,Sides,Black Hole Fries,Fries with a dark garlic truffle sauce.,18-10-2023,30,Takeaway
Neo Tokyo,Desserts,Power Pellet Pops,Fruit-infused ice pops.,04-12-2021,199,Dining
Mystic Falls,Desserts,Power Pellet Pops,Fruit-infused ice pops.,11-07-2022,117,Online
Mystic Falls,Drinks,XP Soda,A range of sodas in multiple epic flavors.,29-03-2022,98,Takeaway
Neo Tokyo,Sides,Black Hole Fries,Fries with a dark garlic truffle sauce.,22-12-2022,87,Dining
Arcadia Bay,Sides,Power-Up Fries,Seasoned fries with power-up dips.,08-07-2023,13,Dining
Arcadia Bay,Desserts,Save Point Sundae,"Ice cream, hot fudge, and sprinkles with a cherry on top.",03-11-2022,191,Dining
Cyber City,Sides,Byte-Size Tots,Crispy tater tots with cheat-code cheese sauce.,16-10-2022,93,Takeaway
Neo Tokyo,Sides,Byte-Size Tots,Crispy tater tots with cheat-code cheese sauce.,18-10-2023,33,Online
Cyber City,Desserts,Save Point Sundae,"Ice cream, hot fudge, and sprinkles with a cherry on top.",04-07-2023,129,Dining
Arcadia Bay,Desserts,Save Point Sundae,"Ice cream, hot fudge, and sprinkles with a cherry on top.",28-05-2023,20,Dining
Arcadia Bay,Burgers,Next Level Veggie,"A plant-based patty with grilled eggplant, zucchini, goat cheese, and green herb sauce.",23-05-2023,123,Takeaway
Arcadia Bay,Desserts,Save Point Sundae,"Ice cream, hot fudge, and sprinkles with a cherry on top.",01-03-2023,33,Dining
Cyber City,Burgers,Retro Reuben,"Corned beef, sauerkraut, Swiss cheese, and thousand island dressing on a rye bun.",12-04-2022,188,Dining
Neo Tokyo,Desserts,Power Pellet Pops,Fruit-infused ice pops.,30-07-2022,111,Online
Arcadia Bay,Sides,Cosmic Rings,Onion rings with cosmic seasoning and intergalactic sauce.,16-03-2022,189,Dining
Neo Tokyo,Desserts,Save Point Sundae,"Ice cream, hot fudge, and sprinkles with a cherry on top.",11-05-2023,23,Online
Mystic Falls,Drinks,XP Soda,A range of sodas in multiple epic flavors.,03-03-2023,12,Takeaway
Cyber City,Desserts,Save Point Sundae,"Ice cream, hot fudge, and sprinkles with a cherry on top.",16-10-2022,12,Online
Neo Tokyo,Desserts,Save Point Sundae,"Ice cream, hot fudge, and sprinkles with a cherry on top.",16-05-2023,38,Takeaway
Cyber City,Sides,Supernova Sweet Potato Fries,Sweet and spicy sweet potato fries with starlight mayo.,21-05-2023,68,Online
Arcadia Bay,Sides,Cosmic Rings,Onion rings with cosmic seasoning and intergalactic sauce.,27-03-2022,164,Online
Arcadia Bay,Burgers,Retro Reuben,"Corned beef, sauerkraut, Swiss cheese, and thousand island dressing on a rye bun.",22-01-2022,92,Takeaway
Arcadia Bay,Sides,Black Hole Fries,Fries with a dark garlic truffle sauce.,24-06-2023,168,Online
Mystic Falls,Sides,Quantum Fries,Seasoned fries with a secret spice blend.,11-05-2022,46,Online
Cyber City,Drinks,Mana Milkshake,A blueberry milkshake that restores your energy.,20-05-2022,158,Takeaway
Elysium District,Drinks,XP Soda,A range of sodas in multiple epic flavors.,13-11-2021,149,Takeaway
Neo Tokyo,Desserts,Save Point Sundae,"Ice cream, hot fudge, and sprinkles with a cherry on top.",12-03-2023,143,Online
Arcadia Bay,Desserts,Save Point Sundae,"Ice cream, hot fudge, and sprinkles with a cherry on top.",10-07-2023,160,Dining
Mystic Falls,Drinks,Health Potion Smoothie,A blend of red fruits with a secret energy mix.,09-04-2022,69,Online
Mystic Falls,Burgers,Epic Stack,"A double beef patty with epic layers of crispy bacon, melted cheddar, and our secret Epic Sauce.",10-02-2023,98,Online
Elysium District,Sides,Byte-Size Tots,Crispy tater tots with cheat-code cheese sauce.,22-01-2022,51,Takeaway
Cyber City,Sides,Quantum Fries,Seasoned fries with a secret spice blend.,31-08-2022,112,Online
Mystic Falls,Desserts,Power Pellet Pops,Fruit-infused ice pops.,08-02-2023,84,Takeaway
Cyber City,Sides,Black Hole Fries,Fries with a dark garlic truffle sauce.,11-08-2023,175,Online
Cyber City,Drinks,Mana Milkshake,A blueberry milkshake that restores your energy.,20-08-2023,55,Online
Cyber City,Desserts,Cheat Code Cookies,Cookies with chocolate chips and candies.,25-12-2021,131,Online
Elysium District,Drinks,Health Potion Smoothie,A blend of red fruits with a secret energy mix.,13-09-2022,2,Dining
Neo Tokyo,Sides,Supernova Sweet Potato Fries,Sweet and spicy sweet potato fries with starlight mayo.,09-07-2022,100,Dining
Cyber City,Sides,Black Hole Fries,Fries with a dark garlic truffle sauce.,20-06-2023,195,Online
Mystic Falls,Drinks,XP Soda,A range of sodas in multiple epic flavors.,09-09-2023,91,Online
Cyber City,Drinks,XP Soda,A range of sodas in multiple epic flavors.,25-11-2021,98,Dining
Arcadia Bay,Burgers,Next Level Veggie,"A plant-based patty with grilled eggplant, zucchini, goat cheese, and green herb sauce.",24-08-2023,180,Online
Mystic Falls,Desserts,Cheat Code Cookies,Cookies with chocolate chips and candies.,13-01-2022,60,Online
Mystic Falls,Drinks,Health Potion Smoothie,A blend of red fruits with a secret energy mix.,11-01-2023,11,Online
Mystic Falls,Burgers,Epic Stack,"A double beef patty with epic layers of crispy bacon, melted cheddar, and our secret Epic Sauce.",18-04-2022,125,Takeaway
Cyber City,Drinks,Health Potion Smoothie,A blend of red fruits with a secret energy mix.,17-11-2021,20,Online
Neo Tokyo,Sides,Byte-Size Tots,Crispy tater tots with cheat-code cheese sauce.,08-07-2022,179,Dining
Cyber City,Burgers,Retro Reuben,"Corned beef, sauerkraut, Swiss cheese, and thousand island dressing on a rye bun.",15-04-2022,113,Online
Mystic Falls,Burgers,Avatar Avocado,A chicken burger with creamy avocado spread and sun-dried tomato mayo.,01-06-2022,146,Takeaway
Elysium District,Desserts,Save Point Sundae,"Ice cream, hot fudge, and sprinkles with a cherry on top.",28-08-2023,128,Takeaway
Cyber City,Burgers,Retro Reuben,"Corned beef, sauerkraut, Swiss cheese, and thousand island dressing on a rye bun.",06-07-2023,128,Dining
Mystic Falls,Desserts,Save Point Sundae,"Ice cream, hot fudge, and sprinkles with a cherry on top.",11-05-2022,79,Dining
Cyber City,Burgers,Next Level Veggie,"A plant-based patty with grilled eggplant, zucchini, goat cheese, and green herb sauce.",02-11-2022,112,Dining
Neo Tokyo,Drinks,Mana Milkshake,A blueberry milkshake that restores your energy.,12-05-2023,149,Dining
Arcadia Bay,Sides,Black Hole Fries,Fries with a dark garlic truffle sauce.,09-11-2022,166,Online
Elysium District,Desserts,Save Point Sundae,"Ice cream, hot fudge, and sprinkles with a cherry on top.",05-02-2022,42,Takeaway
Elysium District,Desserts,Save Point Sundae,"Ice cream, hot fudge, and sprinkles with a cherry on top.",07-07-2023,164,Takeaway
Cyber City,Desserts,Cheat Code Cookies,Cookies with chocolate chips and candies.,28-09-2023,189,Dining
Cyber City,Sides,Supernova Sweet Potato Fries,Sweet and spicy sweet potato fries with starlight mayo.,05-06-2023,147,Takeaway
Neo Tokyo,Burgers,Avatar Avocado,A chicken burger with creamy avocado spread and sun-dried tomato mayo.,27-04-2022,153,Dining
Cyber City,Sides,Power-Up Fries,Seasoned fries with power-up dips.,10-10-2023,197,Dining
Arcadia Bay,Burgers,Next Level Veggie,"A plant-based patty with grilled eggplant, zucchini, goat cheese, and green herb sauce.",24-05-2022,135,Dining
Cyber City,Desserts,Cheat Code Cookies,Cookies with chocolate chips and candies.,04-04-2022,197,Online
Elysium District,Drinks,Health Potion Smoothie,A blend of red fruits with a secret energy mix.,14-04-2023,113,Takeaway
Arcadia Bay,Drinks,XP Soda,A range of sodas in multiple epic flavors.,28-08-2023,117,Dining
Arcadia Bay,Sides,Power-Up Fries,Seasoned fries with power-up dips.,09-08-2023,3,Takeaway
Elysium District,Sides,Byte-Size Tots,Crispy tater tots with cheat-code cheese sauce.,15-01-2022,166,Dining
Neo Tokyo,Drinks,Health Potion Smoothie,A blend of red fruits with a secret energy mix.,17-06-2022,88,Online
Cyber City,Burgers,Pixel Pepperjack,"A spicy beef burger with pepperjack cheese, jalapeños, and pixelated salsa.",07-08-2022,138,Dining
Cyber City,Desserts,Save Point Sundae,"Ice cream, hot fudge, and sprinkles with a cherry on top.",11-11-2021,33,Online
Elysium District,Burgers,Pixel Pepperjack,"A spicy beef burger with pepperjack cheese, jalapeños, and pixelated salsa.",01-02-2022,198,Online
Neo Tokyo,Burgers,Pixel Pepperjack,"A spicy beef burger with pepperjack cheese, jalapeños, and pixelated salsa.",19-04-2023,40,Online
Mystic Falls,Desserts,Save Point Sundae,"Ice cream, hot fudge, and sprinkles with a cherry on top.",24-02-2022,191,Dining
Neo Tokyo,Burgers,Pixel Pepperjack,"A spicy beef burger with pepperjack cheese, jalapeños, and pixelated salsa.",26-05-2022,173,Dining
Arcadia Bay,Burgers,Next Level Veggie,"A plant-based patty with grilled eggplant, zucchini, goat cheese, and green herb sauce.",07-04-2023,127,Takeaway
Arcadia Bay,Drinks,Health Potion Smoothie,A blend of red fruits with a secret energy mix.,17-01-2022,117,Takeaway
Cyber City,Sides,Black Hole Fries,Fries with a dark garlic truffle sauce.,20-02-2022,67,Dining
Arcadia Bay,Burgers,Next Level Veggie,"A plant-based patty with grilled eggplant, zucchini, goat cheese, and green herb sauce.",19-11-2022,130,Online
Mystic Falls,Burgers,Epic Stack,"A double beef patty with epic layers of crispy bacon, melted cheddar, and our secret Epic Sauce.",20-07-2022,126,Dining
Neo Tokyo,Drinks,XP Soda,A range of sodas in multiple epic flavors.,23-10-2022,100,Takeaway
Mystic Falls,Desserts,Save Point Sundae,"Ice cream, hot fudge, and sprinkles with a cherry on top.",14-02-2022,200,Takeaway
Mystic Falls,Burgers,Next Level Veggie,"A plant-based patty with grilled eggplant, zucchini, goat cheese, and green herb sauce.",30-01-2023,158,Dining
Elysium District,Sides,Quantum Fries,Seasoned fries with a secret spice blend.,26-09-2023,189,Online
Cyber City,Sides,Cosmic Rings,Onion rings with cosmic seasoning and intergalactic sauce.,17-01-2023,108,Dining
Arcadia Bay,Sides,Byte-Size Tots,Crispy tater tots with cheat-code cheese sauce.,14-07-2023,7,Dining
Cyber City,Desserts,Save Point Sundae,"Ice cream, hot fudge, and sprinkles with a cherry on top.",13-02-2022,171,Takeaway
Elysium District,Desserts,Power Pellet Pops,Fruit-infused ice pops.,26-02-2023,163,Online
Neo Tokyo,Burgers,Next Level Veggie,"A plant-based patty with grilled eggplant, zucchini, goat cheese, and green herb sauce.",01-12-2022,9,Online
Arcadia Bay,Drinks,Health Potion Smoothie,A blend of red fruits with a secret energy mix.,28-09-2022,66,Dining
Mystic Falls,Sides,Power-Up Fries,Seasoned fries with power-up dips.,02-03-2022,63,Takeaway
Mystic Falls,Desserts,Power Pellet Pops,Fruit-infused ice pops.,04-01-2023,173,Takeaway
Cyber City,Desserts,Cheat Code Cookies,Cookies with chocolate chips and candies.,15-02-2022,157,Takeaway
Neo Tokyo,Sides,Byte-Size Tots,Crispy tater tots with cheat-code cheese sauce.,23-05-2023,116,Online
Cyber City,Burgers,Stealth Mode Mushroom,A grilled portobello cap with smoked gouda and garlic aioli.,27-02-2023,177,Online
Mystic Falls,Burgers,Epic Stack,"A double beef patty with epic layers of crispy bacon, melted cheddar, and our secret Epic Sauce.",04-02-2022,3,Takeaway
Arcadia Bay,Desserts,Cheat Code Cookies,Cookies with chocolate chips and candies.,02-12-2022,113,Dining
Elysium District,Sides,Quantum Fries,Seasoned fries with a secret spice blend.,05-07-2023,116,Dining
Mystic Falls,Burgers,Epic Stack,"A double beef patty with epic layers of crispy bacon, melted cheddar, and our secret Epic Sauce.",03-07-2023,16,Online
Mystic Falls,Drinks,Health Potion Smoothie,A blend of red fruits with a secret energy mix.,27-04-2023,72,Online
Neo Tokyo,Desserts,Power Pellet Pops,Fruit-infused ice pops.,26-01-2022,141,Dining
Neo Tokyo,Desserts,Save Point Sundae,"Ice cream, hot fudge, and sprinkles with a cherry on top.",09-06-2023,2,Takeaway
Elysium District,Sides,Quantum Fries,Seasoned fries with a secret spice blend.,29-01-2022,107,Online
Neo Tokyo,Sides,Supernova Sweet Potato Fries,Sweet and spicy sweet potato fries with starlight mayo.,14-12-2022,134,Takeaway
Mystic Falls,Burgers,Retro Reuben,"Corned beef, sauerkraut, Swiss cheese, and thousand island dressing on a rye bun.",09-04-2023,175,Dining
Neo Tokyo,Sides,Supernova Sweet Potato Fries,Sweet and spicy sweet potato fries with starlight mayo.,12-09-2022,159,Online
Elysium District,Desserts,Power Pellet Pops,Fruit-infused ice pops.,01-03-2023,145,Takeaway
Elysium District,Desserts,Power Pellet Pops,Fruit-infused ice pops.,07-10-2022,181,Dining
Mystic Falls,Burgers,Epic Stack,"A double beef patty with epic layers of crispy bacon, melted cheddar, and our secret Epic Sauce.",31-10-2022,46,Takeaway
Cyber City,Desserts,Power Pellet Pops,Fruit-infused ice pops.,29-01-2022,171,Online
Elysium District,Burgers,Retro Reuben,"Corned beef, sauerkraut, Swiss cheese, and thousand island dressing on a rye bun.",28-05-2023,64,Takeaway
Elysium District,Drinks,Mana Milkshake,A blueberry milkshake that restores your energy.,29-09-2023,148,Dining
Elysium District,Desserts,Save Point Sundae,"Ice cream, hot fudge, and sprinkles with a cherry on top.",18-09-2023,64,Online
Arcadia Bay,Burgers,Next Level Veggie,"A plant-based patty with grilled eggplant, zucchini, goat cheese, and green herb sauce.",04-06-2023,174,Takeaway
Neo Tokyo,Desserts,Save Point Sundae,"Ice cream, hot fudge, and sprinkles with a cherry on top.",15-11-2021,188,Takeaway
Mystic Falls,Drinks,Health Potion Smoothie,A blend of red fruits with a secret energy mix.,17-08-2022,109,Dining
Neo Tokyo,Desserts,Save Point Sundae,"Ice cream, hot fudge, and sprinkles with a cherry on top.",05-07-2022,2,Dining
Cyber City,Drinks,XP Soda,A range of sodas in multiple epic flavors.,16-08-2023,38,Online
Elysium District,Drinks,XP Soda,A range of sodas in multiple epic flavors.,24-03-2023,108,Takeaway
Elysium District,Burgers,Next Level Veggie,"A plant-based patty with grilled eggplant, zucchini, goat cheese, and green herb sauce.",02-07-2022,75,Online
Neo Tokyo,Sides,Quantum Fries,Seasoned fries with a secret spice blend.,15-10-2022,110,Dining
Elysium District,Drinks,Health Potion Smoothie,A blend of red fruits with a secret energy mix.,13-04-2023,77,Dining
Elysium District,Desserts,Power Pellet Pops,Fruit-infused ice pops.,19-08-2022,194,Dining
Arcadia Bay,Drinks,Mana Milkshake,A blueberry milkshake that restores your energy.,05-01-2022,87,Online
Mystic Falls,Drinks,Mana Milkshake,A blueberry milkshake that restores your energy.,04-01-2022,75,Takeaway
Neo Tokyo,Desserts,Power Pellet Pops,Fruit-infused ice pops.,18-06-2023,27,Takeaway
Mystic Falls,Sides,Quantum Fries,Seasoned fries with a secret spice blend.,08-08-2023,197,Takeaway
Cyber City,Desserts,Cheat Code Cookies,Cookies with chocolate chips and candies.,29-01-2022,54,Dining
Mystic Falls,Desserts,Power Pellet Pops,Fruit-infused ice pops.,18-03-2022,35,Dining
Arcadia Bay,Drinks,Health Potion Smoothie,A blend of red fruits with a secret energy mix.,09-09-2023,38,Online
Mystic Falls,Sides,Quantum Fries,Seasoned fries with a secret spice blend.,23-04-2023,3,Online
Neo Tokyo,Desserts,Save Point Sundae,"Ice cream, hot fudge, and sprinkles with a cherry on top.",04-08-2023,111,Dining
Mystic Falls,Desserts,Power Pellet Pops,Fruit-infused ice pops.,24-05-2022,42,Online
Mystic Falls,Desserts,Cheat Code Cookies,Cookies with chocolate chips and candies.,01-04-2023,35,Dining
Neo Tokyo,Burgers,Avatar Avocado,A chicken burger with creamy avocado spread and sun-dried tomato mayo.,20-05-2023,10,Online
Elysium District,Burgers,Next Level Veggie,"A plant-based patty with grilled eggplant, zucchini, goat cheese, and green herb sauce.",05-01-2022,143,Online
Arcadia Bay,Burgers,Retro Reuben,"Corned beef, sauerkraut, Swiss cheese, and thousand island dressing on a rye bun.",04-09-2022,114,Dining
Neo Tokyo,Burgers,Next Level Veggie,"A plant-based patty with grilled eggplant, zucchini, goat cheese, and green herb sauce.",27-10-2022,143,Dining
Cyber City,Drinks,Mana Milkshake,A blueberry milkshake that restores your energy.,15-11-2022,33,Online
Mystic Falls,Burgers,Next Level Veggie,"A plant-based patty with grilled eggplant, zucchini, goat cheese, and green herb sauce.",16-10-2022,196,Takeaway
Mystic Falls,Drinks,XP Soda,A range of sodas in multiple epic flavors.,17-10-2022,86,Online
Cyber City,Sides,Power-Up Fries,Seasoned fries with power-up dips.,14-06-2023,50,Online
Arcadia Bay,Burgers,Epic Stack,"A double beef patty with epic layers of crispy bacon, melted cheddar, and our secret Epic Sauce.",29-01-2022,86,Dining
Arcadia Bay,Desserts,Cheat Code Cookies,Cookies with chocolate chips and candies.,09-07-2022,32,Dining
Mystic Falls,Burgers,Retro Reuben,"Corned beef, sauerkraut, Swiss cheese, and thousand island dressing on a rye bun.",19-04-2022,146,Dining
Arcadia Bay,Sides,Quantum Fries,Seasoned fries with a secret spice blend.,22-07-2023,191,Dining
Neo Tokyo,Desserts,Cheat Code Cookies,Cookies with chocolate chips and candies.,08-12-2021,185,Online
Elysium District,Sides,Black Hole Fries,Fries with a dark garlic truffle sauce.,24-03-2023,107,Online
Mystic Falls,Sides,Byte-Size Tots,Crispy tater tots with cheat-code cheese sauce.,12-10-2022,65,Dining
Mystic Falls,Drinks,Health Potion Smoothie,A blend of red fruits with a secret energy mix.,29-04-2023,150,Online
Neo Tokyo,Burgers,Avatar Avocado,A chicken burger with creamy avocado spread and sun-dried tomato mayo.,03-03-2022,38,Takeaway
Mystic Falls,Desserts,Save Point Sundae,"Ice cream, hot fudge, and sprinkles with a cherry on top.",15-04-2022,3,Online
Cyber City,Desserts,Power Pellet Pops,Fruit-infused ice pops.,04-05-2022,197,Dining
Neo Tokyo,Drinks,Health Potion Smoothie,A blend of red fruits with a secret energy mix.,28-11-2021,20,Takeaway
Neo Tokyo,Desserts,Power Pellet Pops,Fruit-infused ice pops.,18-09-2023,84,Dining
Cyber City,Drinks,Health Potion Smoothie,A blend of red fruits with a secret energy mix.,08-03-2023,118,Dining
Neo Tokyo,Desserts,Power Pellet Pops,Fruit-infused ice pops.,26-09-2022,130,Takeaway
Cyber City,Desserts,Power Pellet Pops,Fruit-infused ice pops.,17-05-2022,37,Online
Cyber City,Burgers,Avatar Avocado,A chicken burger with creamy avocado spread and sun-dried tomato mayo.,02-10-2022,195,Dining
Cyber City,Sides,Black Hole Fries,Fries with a dark garlic truffle sauce.,26-09-2023,61,Dining
Arcadia Bay,Sides,Cosmic Rings,Onion rings with cosmic seasoning and intergalactic sauce.,25-08-2022,129,Dining
Elysium District,Drinks,Mana Milkshake,A blueberry milkshake that restores your energy.,12-06-2023,139,Dining
Mystic Falls,Desserts,Power Pellet Pops,Fruit-infused ice pops.,18-09-2022,190,Online
Arcadia Bay,Sides,Black Hole Fries,Fries with a dark garlic truffle sauce.,20-10-2022,71,Online
Mystic Falls,Burgers,Retro Reuben,"Corned beef, sauerkraut, Swiss cheese, and thousand island dressing on a rye bun.",18-03-2023,195,Online
Neo Tokyo,Drinks,XP Soda,A range of sodas in multiple epic flavors.,07-04-2023,32,Online
Arcadia Bay,Sides,Supernova Sweet Potato Fries,Sweet and spicy sweet potato fries with starlight mayo.,14-04-2023,17,Dining
Neo Tokyo,Burgers,Pixel Pepperjack,"A spicy beef burger with pepperjack cheese, jalapeños, and pixelated salsa.",22-07-2022,116,Takeaway
Mystic Falls,Burgers,Pixel Pepperjack,"A spicy beef burger with pepperjack cheese, jalapeños, and pixelated salsa.",12-12-2021,119,Online
Arcadia Bay,Burgers,Next Level Veggie,"A plant-based patty with grilled eggplant, zucchini, goat cheese, and green herb sauce.",16-11-2022,13,Online
Neo Tokyo,Desserts,Cheat Code Cookies,Cookies with chocolate chips and candies.,13-04-2022,109,Dining
Cyber City,Desserts,Save Point Sundae,"Ice cream, hot fudge, and sprinkles with a cherry on top.",25-05-2022,78,Dining
Arcadia Bay,Desserts,Power Pellet Pops,Fruit-infused ice pops.,18-12-2022,135,Online
Mystic Falls,Burgers,Pixel Pepperjack,"A spicy beef burger with pepperjack cheese, jalapeños, and pixelated salsa.",29-11-2022,105,Takeaway
Mystic Falls,Burgers,Retro Reuben,"Corned beef, sauerkraut, Swiss cheese, and thousand island dressing on a rye bun.",11-06-2022,105,Online
Cyber City,Drinks,Health Potion Smoothie,A blend of red fruits with a secret energy mix.,08-11-2021,43,Dining
Elysium District,Drinks,XP Soda,A range of sodas in multiple epic flavors.,27-10-2023,163,Takeaway
Cyber City,Burgers,Stealth Mode Mushroom,A grilled portobello cap with smoked gouda and garlic aioli.,15-08-2023,26,Online
Mystic Falls,Desserts,Power Pellet Pops,Fruit-infused ice pops.,16-01-2023,3,Online
Mystic Falls,Desserts,Cheat Code Cookies,Cookies with chocolate chips and candies.,27-02-2022,162,Dining
Elysium District,Burgers,Avatar Avocado,A chicken burger with creamy avocado spread and sun-dried tomato mayo.,27-05-2023,162,Online
Elysium District,Burgers,Retro Reuben,"Corned beef, sauerkraut, Swiss cheese, and thousand island dressing on a rye bun.",22-04-2023,148,Takeaway
Elysium District,Burgers,Next Level Veggie,"A plant-based patty with grilled eggplant, zucchini, goat cheese, and green herb sauce.",01-11-2022,103,Takeaway
Cyber City,Drinks,XP Soda,A range of sodas in multiple epic flavors.,18-08-2022,159,Online
Mystic Falls,Desserts,Save Point Sundae,"Ice cream, hot fudge, and sprinkles with a cherry on top.",18-02-2022,98,Online
Cyber City,Drinks,XP Soda,A range of sodas in multiple epic flavors.,15-08-2022,176,Online
Mystic Falls,Desserts,Save Point Sundae,"Ice cream, hot fudge, and sprinkles with a cherry on top.",26-06-2023,75,Online
Arcadia Bay,Drinks,Health Potion Smoothie,A blend of red fruits with a secret energy mix.,10-12-2022,94,Takeaway
Arcadia Bay,Sides,Byte-Size Tots,Crispy tater tots with cheat-code cheese sauce.,18-06-2023,74,Dining
Mystic Falls,Burgers,Pixel Pepperjack,"A spicy beef burger with pepperjack cheese, jalapeños, and pixelated salsa.",08-06-2022,73,Takeaway
Elysium District,Burgers,Avatar Avocado,A chicken burger with creamy avocado spread and sun-dried tomato mayo.,27-03-2023,93,Online
Arcadia Bay,Drinks,XP Soda,A range of sodas in multiple epic flavors.,08-02-2023,57,Online
Arcadia Bay,Sides,Power-Up Fries,Seasoned fries with power-up dips.,22-10-2022,43,Online
Arcadia Bay,Desserts,Power Pellet Pops,Fruit-infused ice pops.,28-12-2021,180,Dining
Neo Tokyo,Sides,Byte-Size Tots,Crispy tater tots with cheat-code cheese sauce.,16-12-2021,173,Takeaway
Cyber City,Sides,Power-Up Fries,Seasoned fries with power-up dips.,19-08-2022,14,Dining
Neo Tokyo,Burgers,Epic Stack,"A double beef patty with epic layers of crispy bacon, melted cheddar, and our secret Epic Sauce.",17-01-2023,5,Takeaway
Mystic Falls,Burgers,Stealth Mode Mushroom,A grilled portobello cap with smoked gouda and garlic aioli.,17-05-2022,78,Online
Elysium District,Sides,Supernova Sweet Potato Fries,Sweet and spicy sweet potato fries with starlight mayo.,16-09-2023,143,Online
Mystic Falls,Drinks,Health Potion Smoothie,A blend of red fruits with a secret energy mix.,03-02-2023,115,Takeaway
Neo Tokyo,Burgers,Next Level Veggie,"A plant-based patty with grilled eggplant, zucchini, goat cheese, and green herb sauce.",03-05-2022,115,Dining
Cyber City,Drinks,Health Potion Smoothie,A blend of red fruits with a secret energy mix.,28-07-2023,47,Online
Elysium District,Sides,Quantum Fries,Seasoned fries with a secret spice blend.,10-01-2023,34,Online
Neo Tokyo,Sides,Power-Up Fries,Seasoned fries with power-up dips.,31-05-2022,153,Takeaway
Elysium District,Burgers,Next Level Veggie,"A plant-based patty with grilled eggplant, zucchini, goat cheese, and green herb sauce.",25-11-2021,11,Takeaway
Arcadia Bay,Burgers,Next Level Veggie,"A plant-based patty with grilled eggplant, zucchini, goat cheese, and green herb sauce.",04-09-2023,71,Online
Elysium District,Burgers,Stealth Mode Mushroom,A grilled portobello cap with smoked gouda and garlic aioli.,17-06-2023,3,Takeaway
Arcadia Bay,Burgers,Epic Stack,"A double beef patty with epic layers of crispy bacon, melted cheddar, and our secret Epic Sauce.",13-06-2023,31,Online
Arcadia Bay,Drinks,XP Soda,A range of sodas in multiple epic flavors.,17-02-2022,103,Dining
Elysium District,Drinks,Mana Milkshake,A blueberry milkshake that restores your energy.,06-04-2023,176,Takeaway
Arcadia Bay,Sides,Power-Up Fries,Seasoned fries with power-up dips.,08-10-2023,123,Takeaway
Elysium District,Desserts,Save Point Sundae,"Ice cream, hot fudge, and sprinkles with a cherry on top.",09-01-2023,62,Dining
Neo Tokyo,Drinks,XP Soda,A range of sodas in multiple epic flavors.,12-06-2023,135,Online
Cyber City,Burgers,Next Level Veggie,"A plant-based patty with grilled eggplant, zucchini, goat cheese, and green herb sauce.",29-10-2022,7,Dining
Neo Tokyo,Burgers,Epic Stack,"A double beef patty with epic layers of crispy bacon, melted cheddar, and our secret Epic Sauce.",23-06-2023,127,Online
Arcadia Bay,Drinks,XP Soda,A range of sodas in multiple epic flavors.,19-01-2022,73,Dining
Elysium District,Sides,Supernova Sweet Potato Fries,Sweet and spicy sweet potato fries with starlight mayo.,28-02-2023,62,Online
Cyber City,Sides,Supernova Sweet Potato Fries,Sweet and spicy sweet potato fries with starlight mayo.,15-07-2022,149,Online
Elysium District,Sides,Power-Up Fries,Seasoned fries with power-up dips.,17-03-2023,147,Takeaway
Cyber City,Desserts,Save Point Sundae,"Ice cream, hot fudge, and sprinkles with a cherry on top.",08-12-2022,81,Online
Elysium District,Desserts,Power Pellet Pops,Fruit-infused ice pops.,30-03-2023,24,Takeaway
Mystic Falls,Burgers,Next Level Veggie,"A plant-based patty with grilled eggplant, zucchini, goat cheese, and green herb sauce.",18-06-2022,122,Takeaway
Elysium District,Sides,Cosmic Rings,Onion rings with cosmic seasoning and intergalactic sauce.,03-03-2023,56,Takeaway
Elysium District,Drinks,XP Soda,A range of sodas in multiple epic flavors.,10-05-2023,15,Online
Neo Tokyo,Desserts,Cheat Code Cookies,Cookies with chocolate chips and candies.,09-06-2022,70,Dining
Mystic Falls,Sides,Cosmic Rings,Onion rings with cosmic seasoning and intergalactic sauce.,06-07-2023,10,Takeaway
Arcadia Bay,Drinks,XP Soda,A range of sodas in multiple epic flavors.,28-03-2022,118,Takeaway
Neo Tokyo,Desserts,Power Pellet Pops,Fruit-infused ice pops.,12-12-2021,71,Takeaway
Arcadia Bay,Sides,Cosmic Rings,Onion rings with cosmic seasoning and intergalactic sauce.,14-07-2022,166,Online
Mystic Falls,Sides,Byte-Size Tots,Crispy tater tots with cheat-code cheese sauce.,30-03-2023,108,Online
Mystic Falls,Burgers,Retro Reuben,"Corned beef, sauerkraut, Swiss cheese, and thousand island dressing on a rye bun.",15-02-2022,80,Takeaway
Cyber City,Burgers,Next Level Veggie,"A plant-based patty with grilled eggplant, zucchini, goat cheese, and green herb sauce.",01-07-2022,194,Dining
Elysium District,Drinks,Health Potion Smoothie,A blend of red fruits with a secret energy mix.,18-08-2023,179,Online
Neo Tokyo,Desserts,Power Pellet Pops,Fruit-infused ice pops.,18-01-2022,124,Dining
Elysium District,Sides,Byte-Size Tots,Crispy tater tots with cheat-code cheese sauce.,14-10-2022,149,Takeaway
Neo Tokyo,Sides,Byte-Size Tots,Crispy tater tots with cheat-code cheese sauce.,04-04-2023,193,Takeaway
Mystic Falls,Desserts,Power Pellet Pops,Fruit-infused ice pops.,05-09-2022,156,Online
Arcadia Bay,Burgers,Retro Reuben,"Corned beef, sauerkraut, Swiss cheese, and thousand island dressing on a rye bun.",16-07-2022,159,Takeaway
Mystic Falls,Burgers,Epic Stack,"A double beef patty with epic layers of crispy bacon, melted cheddar, and our secret Epic Sauce.",19-05-2023,5,Dining
Mystic Falls,Burgers,Next Level Veggie,"A plant-based patty with grilled eggplant, zucchini, goat cheese, and green herb sauce.",01-07-2023,99,Takeaway
Elysium District,Desserts,Cheat Code Cookies,Cookies with chocolate chips and candies.,10-07-2023,128,Dining
Cyber City,Drinks,Mana Milkshake,A blueberry milkshake that restores your energy.,14-10-2022,48,Online
Neo Tokyo,Drinks,Health Potion Smoothie,A blend of red fruits with a secret energy mix.,24-11-2022,27,Online
Cyber City,Desserts,Save Point Sundae,"Ice cream, hot fudge, and sprinkles with a cherry on top.",22-06-2022,148,Online
Cyber City,Burgers,Stealth Mode Mushroom,A grilled portobello cap with smoked gouda and garlic aioli.,19-02-2022,54,Takeaway
Arcadia Bay,Desserts,Save Point Sundae,"Ice cream, hot fudge, and sprinkles with a cherry on top.",14-03-2023,35,Dining
Cyber City,Drinks,Health Potion Smoothie,A blend of red fruits with a secret energy mix.,25-12-2021,53,Online
Mystic Falls,Sides,Black Hole Fries,Fries with a dark garlic truffle sauce.,30-07-2022,166,Takeaway
Arcadia Bay,Sides,Cosmic Rings,Onion rings with cosmic seasoning and intergalactic sauce.,06-06-2023,61,Takeaway
Neo Tokyo,Burgers,Retro Reuben,"Corned beef, sauerkraut, Swiss cheese, and thousand island dressing on a rye bun.",04-12-2022,164,Takeaway
Cyber City,Drinks,Health Potion Smoothie,A blend of red fruits with a secret energy mix.,24-12-2022,64,Online
Elysium District,Drinks,Mana Milkshake,A blueberry milkshake that restores your energy.,31-03-2023,86,Dining
Mystic Falls,Burgers,Retro Reuben,"Corned beef, sauerkraut, Swiss cheese, and thousand island dressing on a rye bun.",05-03-2022,160,Dining
Mystic Falls,Sides,Black Hole Fries,Fries with a dark garlic truffle sauce.,08-10-2023,144,Takeaway
Neo Tokyo,Sides,Supernova Sweet Potato Fries,Sweet and spicy sweet potato fries with starlight mayo.,23-10-2022,89,Dining
Neo Tokyo,Sides,Black Hole Fries,Fries with a dark garlic truffle sauce.,09-04-2022,102,Online
Neo Tokyo,Burgers,Next Level Veggie,"A plant-based patty with grilled eggplant, zucchini, goat cheese, and green herb sauce.",30-09-2023,197,Online
Mystic Falls,Sides,Byte-Size Tots,Crispy tater tots with cheat-code cheese sauce.,31-12-2021,88,Online
Neo Tokyo,Desserts,Save Point Sundae,"Ice cream, hot fudge, and sprinkles with a cherry on top.",17-05-2022,63,Dining
Cyber City,Desserts,Power Pellet Pops,Fruit-infused ice pops.,09-02-2022,86,Takeaway
Elysium District,Sides,Byte-Size Tots,Crispy tater tots with cheat-code cheese sauce.,17-04-2022,132,Takeaway
Arcadia Bay,Burgers,Next Level Veggie,"A plant-based patty with grilled eggplant, zucchini, goat cheese, and green herb sauce.",21-02-2022,20,Takeaway
Neo Tokyo,Burgers,Retro Reuben,"Corned beef, sauerkraut, Swiss cheese, and thousand island dressing on a rye bun.",27-05-2022,116,Online
Cyber City,Desserts,Cheat Code Cookies,Cookies with chocolate chips and candies.,30-09-2022,62,Dining
Elysium District,Desserts,Power Pellet Pops,Fruit-infused ice pops.,12-05-2022,57,Dining
Elysium District,Burgers,Stealth Mode Mushroom,A grilled portobello cap with smoked gouda and garlic aioli.,06-04-2022,192,Online
Elysium District,Drinks,Health Potion Smoothie,A blend of red fruits with a secret energy mix.,19-03-2022,30,Takeaway
Mystic Falls,Drinks,XP Soda,A range of sodas in multiple epic flavors.,11-04-2023,128,Dining
Neo Tokyo,Sides,Cosmic Rings,Onion rings with cosmic seasoning and intergalactic sauce.,30-06-2023,102,Dining
Arcadia Bay,Burgers,Next Level Veggie,"A plant-based patty with grilled eggplant, zucchini, goat cheese, and green herb sauce.",02-08-2022,137,Takeaway
Elysium District,Sides,Black Hole Fries,Fries with a dark garlic truffle sauce.,17-03-2023,151,Online
Elysium District,Sides,Cosmic Rings,Onion rings with cosmic seasoning and intergalactic sauce.,27-01-2023,13,Takeaway
Cyber City,Desserts,Cheat Code Cookies,Cookies with chocolate chips and candies.,19-12-2022,110,Takeaway
Arcadia Bay,Burgers,Epic Stack,"A double beef patty with epic layers of crispy bacon, melted cheddar, and our secret Epic Sauce.",26-12-2022,33,Dining
Elysium District,Desserts,Save Point Sundae,"Ice cream, hot fudge, and sprinkles with a cherry on top.",31-03-2023,56,Dining
Neo Tokyo,Drinks,Health Potion Smoothie,A blend of red fruits with a secret energy mix.,27-03-2023,14,Takeaway
Cyber City,Sides,Cosmic Rings,Onion rings with cosmic seasoning and intergalactic sauce.,31-07-2023,127,Online
Arcadia Bay,Burgers,Next Level Veggie,"A plant-based patty with grilled eggplant, zucchini, goat cheese, and green herb sauce.",13-02-2022,145,Takeaway
Cyber City,Drinks,Health Potion Smoothie,A blend of red fruits with a secret energy mix.,21-11-2021,169,Online
Elysium District,Desserts,Save Point Sundae,"Ice cream, hot fudge, and sprinkles with a cherry on top.",06-05-2023,125,Takeaway
Mystic Falls,Desserts,Save Point Sundae,"Ice cream, hot fudge, and sprinkles with a cherry on top.",29-01-2023,94,Dining
Mystic Falls,Burgers,Epic Stack,"A double beef patty with epic layers of crispy bacon, melted cheddar, and our secret Epic Sauce.",11-07-2022,66,Takeaway
Arcadia Bay,Burgers,Next Level Veggie,"A plant-based patty with grilled eggplant, zucchini, goat cheese, and green herb sauce.",16-09-2022,54,Online
Neo Tokyo,Desserts,Save Point Sundae,"Ice cream, hot fudge, and sprinkles with a cherry on top.",30-07-2023,60,Takeaway
Mystic Falls,Sides,Black Hole Fries,Fries with a dark garlic truffle sauce.,07-12-2022,67,Online
Cyber City,Burgers,Pixel Pepperjack,"A spicy beef burger with pepperjack cheese, jalapeños, and pixelated salsa.",15-11-2021,57,Dining
Cyber City,Desserts,Power Pellet Pops,Fruit-infused ice pops.,11-04-2023,175,Takeaway
Arcadia Bay,Drinks,Health Potion Smoothie,A blend of red fruits with a secret energy mix.,02-10-2022,8,Takeaway
Neo Tokyo,Burgers,Avatar Avocado,A chicken burger with creamy avocado spread and sun-dried tomato mayo.,28-04-2023,98,Takeaway
Cyber City,Sides,Cosmic Rings,Onion rings with cosmic seasoning and intergalactic sauce.,29-06-2022,39,Dining
Elysium District,Desserts,Power Pellet Pops,Fruit-infused ice pops.,08-09-2023,81,Dining
Neo Tokyo,Desserts,Save Point Sundae,"Ice cream, hot fudge, and sprinkles with a cherry on top.",08-11-2022,114,Dining
Arcadia Bay,Drinks,Health Potion Smoothie,A blend of red fruits with a secret energy mix.,11-08-2023,31,Takeaway
Arcadia Bay,Desserts,Save Point Sundae,"Ice cream, hot fudge, and sprinkles with a cherry on top.",03-12-2021,105,Dining
Neo Tokyo,Sides,Supernova Sweet Potato Fries,Sweet and spicy sweet potato fries with starlight mayo.,21-10-2023,196,Takeaway
Arcadia Bay,Drinks,Health Potion Smoothie,A blend of red fruits with a secret energy mix.,20-04-2023,197,Takeaway
Arcadia Bay,Sides,Black Hole Fries,Fries with a dark garlic truffle sauce.,26-01-2022,56,Online
Mystic Falls,Burgers,Avatar Avocado,A chicken burger with creamy avocado spread and sun-dried tomato mayo.,14-01-2022,79,Takeaway
Cyber City,Sides,Supernova Sweet Potato Fries,Sweet and spicy sweet potato fries with starlight mayo.,01-01-2022,25,Takeaway
Cyber City,Drinks,Mana Milkshake,A blueberry milkshake that restores your energy.,14-08-2023,70,Online
Cyber City,Sides,Power-Up Fries,Seasoned fries with power-up dips.,11-01-2023,39,Online
Cyber City,Drinks,Mana Milkshake,A blueberry milkshake that restores your energy.,29-10-2023,21,Online
Mystic Falls,Burgers,Retro Reuben,"Corned beef, sauerkraut, Swiss cheese, and thousand island dressing on a rye bun.",14-12-2022,182,Takeaway
Neo Tokyo,Sides,Supernova Sweet Potato Fries,Sweet and spicy sweet potato fries with starlight mayo.,06-06-2023,174,Online
Arcadia Bay,Drinks,Health Potion Smoothie,A blend of red fruits with a secret energy mix.,21-04-2023,33,Dining
Arcadia Bay,Drinks,Health Potion Smoothie,A blend of red fruits with a secret energy mix.,28-09-2023,138,Takeaway
Mystic Falls,Sides,Supernova Sweet Potato Fries,Sweet and spicy sweet potato fries with starlight mayo.,25-07-2023,185,Dining
Neo Tokyo,Desserts,Save Point Sundae,"Ice cream, hot fudge, and sprinkles with a cherry on top.",28-11-2021,194,Takeaway
Mystic Falls,Sides,Black Hole Fries,Fries with a dark garlic truffle sauce.,07-11-2022,123,Dining
Elysium District,Burgers,Avatar Avocado,A chicken burger with creamy avocado spread and sun-dried tomato mayo.,29-09-2023,91,Online
Neo Tokyo,Sides,Quantum Fries,Seasoned fries with a secret spice blend.,31-01-2022,15,Takeaway
Arcadia Bay,Desserts,Power Pellet Pops,Fruit-infused ice pops.,24-04-2022,42,Dining
Arcadia Bay,Desserts,Power Pellet Pops,Fruit-infused ice pops.,26-12-2021,61,Takeaway
Cyber City,Drinks,Mana Milkshake,A blueberry milkshake that restores your energy.,11-04-2023,145,Dining
Arcadia Bay,Sides,Power-Up Fries,Seasoned fries with power-up dips.,24-03-2022,91,Dining
Arcadia Bay,Desserts,Save Point Sundae,"Ice cream, hot fudge, and sprinkles with a cherry on top.",25-07-2023,6,Online
Mystic Falls,Drinks,XP Soda,A range of sodas in multiple epic flavors.,08-11-2021,16,Takeaway
Cyber City,Burgers,Next Level Veggie,"A plant-based patty with grilled eggplant, zucchini, goat cheese, and green herb sauce.",06-06-2022,129,Takeaway
Cyber City,Burgers,Avatar Avocado,A chicken burger with creamy avocado spread and sun-dried tomato mayo.,31-05-2023,173,Online
Mystic Falls,Desserts,Cheat Code Cookies,Cookies with chocolate chips and candies.,26-10-2022,40,Takeaway
Elysium District,Desserts,Power Pellet Pops,Fruit-infused ice pops.,22-11-2021,72,Takeaway
Elysium District,Sides,Power-Up Fries,Seasoned fries with power-up dips.,10-10-2023,97,Takeaway
Arcadia Bay,Drinks,Health Potion Smoothie,A blend of red fruits with a secret energy mix.,03-09-2023,43,Takeaway
Mystic Falls,Desserts,Power Pellet Pops,Fruit-infused ice pops.,19-03-2022,93,Dining
Cyber City,Sides,Quantum Fries,Seasoned fries with a secret spice blend.,06-12-2022,189,Takeaway
Elysium District,Burgers,Epic Stack,"A double beef patty with epic layers of crispy bacon, melted cheddar, and our secret Epic Sauce.",26-06-2022,147,Takeaway
Mystic Falls,Sides,Quantum Fries,Seasoned fries with a secret spice blend.,09-10-2023,99,Takeaway
Elysium District,Drinks,Mana Milkshake,A blueberry milkshake that restores your energy.,16-02-2022,193,Dining
Mystic Falls,Burgers,Avatar Avocado,A chicken burger with creamy avocado spread and sun-dried tomato mayo.,15-10-2023,126,Takeaway
Mystic Falls,Drinks,Mana Milkshake,A blueberry milkshake that restores your energy.,22-02-2022,42,Dining
Cyber City,Burgers,Avatar Avocado,A chicken burger with creamy avocado spread and sun-dried tomato mayo.,26-12-2021,158,Dining
Elysium District,Desserts,Cheat Code Cookies,Cookies with chocolate chips and candies.,28-08-2023,183,Takeaway
Neo Tokyo,Desserts,Save Point Sundae,"Ice cream, hot fudge, and sprinkles with a cherry on top.",21-03-2022,179,Online
Elysium District,Desserts,Power Pellet Pops,Fruit-infused ice pops.,20-03-2022,84,Online
Arcadia Bay,Sides,Supernova Sweet Potato Fries,Sweet and spicy sweet potato fries with starlight mayo.,19-10-2023,169,Online
Cyber City,Sides,Supernova Sweet Potato Fries,Sweet and spicy sweet potato fries with starlight mayo.,21-10-2023,191,Online
Mystic Falls,Burgers,Stealth Mode Mushroom,A grilled portobello cap with smoked gouda and garlic aioli.,20-09-2023,125,Takeaway
Elysium District,Desserts,Cheat Code Cookies,Cookies with chocolate chips and candies.,17-09-2022,71,Takeaway
Cyber City,Sides,Quantum Fries,Seasoned fries with a secret spice blend.,13-12-2022,138,Dining
Elysium District,Desserts,Save Point Sundae,"Ice cream, hot fudge, and sprinkles with a cherry on top.",19-04-2023,173,Online
Neo Tokyo,Desserts,Save Point Sundae,"Ice cream, hot fudge, and sprinkles with a cherry on top.",09-01-2022,21,Dining
Mystic Falls,Desserts,Cheat Code Cookies,Cookies with chocolate chips and candies.,17-03-2022,128,Dining
Cyber City,Drinks,Mana Milkshake,A blueberry milkshake that restores your energy.,31-10-2023,144,Dining
Cyber City,Desserts,Save Point Sundae,"Ice cream, hot fudge, and sprinkles with a cherry on top.",25-02-2022,31,Dining
Arcadia Bay,Desserts,Save Point Sundae,"Ice cream, hot fudge, and sprinkles with a cherry on top.",18-12-2021,63,Dining
Elysium District,Desserts,Cheat Code Cookies,Cookies with chocolate chips and candies.,06-08-2022,77,Dining
Cyber City,Burgers,Stealth Mode Mushroom,A grilled portobello cap with smoked gouda and garlic aioli.,02-07-2022,156,Takeaway
Arcadia Bay,Drinks,Health Potion Smoothie,A blend of red fruits with a secret energy mix.,27-01-2023,15,Takeaway
Cyber City,Burgers,Avatar Avocado,A chicken burger with creamy avocado spread and sun-dried tomato mayo.,20-01-2022,26,Dining
Elysium District,Drinks,Mana Milkshake,A blueberry milkshake that restores your energy.,20-07-2023,125,Dining
Neo Tokyo,Desserts,Power Pellet Pops,Fruit-infused ice pops.,05-12-2022,48,Takeaway
Neo Tokyo,Desserts,Power Pellet Pops,Fruit-infused ice pops.,27-04-2023,126,Online
Elysium District,Sides,Black Hole Fries,Fries with a dark garlic truffle sauce.,24-05-2022,13,Dining
Elysium District,Sides,Cosmic Rings,Onion rings with cosmic seasoning and intergalactic sauce.,10-01-2022,51,Takeaway
Elysium District,Desserts,Power Pellet Pops,Fruit-infused ice pops.,27-01-2022,75,Online
Elysium District,Sides,Supernova Sweet Potato Fries,Sweet and spicy sweet potato fries with starlight mayo.,13-01-2023,133,Takeaway
Arcadia Bay,Drinks,XP Soda,A range of sodas in multiple epic flavors.,28-03-2022,141,Dining
Neo Tokyo,Sides,Cosmic Rings,Onion rings with cosmic seasoning and intergalactic sauce.,22-02-2022,155,Dining
Elysium District,Sides,Cosmic Rings,Onion rings with cosmic seasoning and intergalactic sauce.,24-12-2022,75,Takeaway
Arcadia Bay,Desserts,Save Point Sundae,"Ice cream, hot fudge, and sprinkles with a cherry on top.",13-12-2022,106,Dining
Arcadia Bay,Sides,Supernova Sweet Potato Fries,Sweet and spicy sweet potato fries with starlight mayo.,27-05-2023,38,Dining
Cyber City,Burgers,Stealth Mode Mushroom,A grilled portobello cap with smoked gouda and garlic aioli.,29-09-2023,74,Dining
Arcadia Bay,Burgers,Next Level Veggie,"A plant-based patty with grilled eggplant, zucchini, goat cheese, and green herb sauce.",14-06-2022,134,Takeaway
Cyber City,Burgers,Retro Reuben,"Corned beef, sauerkraut, Swiss cheese, and thousand island dressing on a rye bun.",25-03-2022,3,Dining
Neo Tokyo,Burgers,Avatar Avocado,A chicken burger with creamy avocado spread and sun-dried tomato mayo.,28-08-2022,140,Takeaway
Cyber City,Desserts,Power Pellet Pops,Fruit-infused ice pops.,10-02-2022,108,Dining
Arcadia Bay,Burgers,Next Level Veggie,"A plant-based patty with grilled eggplant, zucchini, goat cheese, and green herb sauce.",26-03-2023,35,Dining
Elysium District,Drinks,XP Soda,A range of sodas in multiple epic flavors.,11-07-2022,17,Dining
Elysium District,Sides,Cosmic Rings,Onion rings with cosmic seasoning and intergalactic sauce.,13-02-2022,156,Dining
Neo Tokyo,Burgers,Retro Reuben,"Corned beef, sauerkraut, Swiss cheese, and thousand island dressing on a rye bun.",30-12-2022,93,Takeaway
Arcadia Bay,Sides,Power-Up Fries,Seasoned fries with power-up dips.,03-11-2022,41,Takeaway
Mystic Falls,Drinks,Health Potion Smoothie,A blend of red fruits with a secret energy mix.,18-10-2023,54,Dining
Cyber City,Burgers,Stealth Mode Mushroom,A grilled portobello cap with smoked gouda and garlic aioli.,10-10-2023,2,Dining
Neo Tokyo,Drinks,XP Soda,A range of sodas in multiple epic flavors.,12-11-2021,63,Takeaway
Mystic Falls,Burgers,Epic Stack,"A double beef patty with epic layers of crispy bacon, melted cheddar, and our secret Epic Sauce.",29-07-2023,27,Dining
Cyber City,Burgers,Avatar Avocado,A chicken burger with creamy avocado spread and sun-dried tomato mayo.,27-05-2022,103,Takeaway
Elysium District,Drinks,Health Potion Smoothie,A blend of red fruits with a secret energy mix.,20-12-2021,157,Online
Elysium District,Burgers,Retro Reuben,"Corned beef, sauerkraut, Swiss cheese, and thousand island dressing on a rye bun.",07-06-2023,144,Online
Neo Tokyo,Drinks,Mana Milkshake,A blueberry milkshake that restores your energy.,05-05-2023,194,Dining
Arcadia Bay,Desserts,Cheat Code Cookies,Cookies with chocolate chips and candies.,29-07-2022,125,Dining
Arcadia Bay,Desserts,Cheat Code Cookies,Cookies with chocolate chips and candies.,07-09-2022,8,Online
Elysium District,Drinks,Health Potion Smoothie,A blend of red fruits with a secret energy mix.,28-08-2022,147,Online
Mystic Falls,Burgers,Stealth Mode Mushroom,A grilled portobello cap with smoked gouda and garlic aioli.,11-04-2022,15,Online
Elysium District,Sides,Quantum Fries,Seasoned fries with a secret spice blend.,29-12-2022,70,Takeaway
Neo Tokyo,Burgers,Next Level Veggie,"A plant-based patty with grilled eggplant, zucchini, goat cheese, and green herb sauce.",14-09-2022,21,Online
Mystic Falls,Sides,Byte-Size Tots,Crispy tater tots with cheat-code cheese sauce.,12-07-2023,65,Online
Cyber City,Burgers,Avatar Avocado,A chicken burger with creamy avocado spread and sun-dried tomato mayo.,14-01-2022,140,Takeaway
Arcadia Bay,Desserts,Cheat Code Cookies,Cookies with chocolate chips and candies.,14-01-2023,49,Online
Arcadia Bay,Drinks,Mana Milkshake,A blueberry milkshake that restores your energy.,02-05-2023,160,Dining
Arcadia Bay,Desserts,Cheat Code Cookies,Cookies with chocolate chips and candies.,25-03-2023,89,Online
Arcadia Bay,Burgers,Next Level Veggie,"A plant-based patty with grilled eggplant, zucchini, goat cheese, and green herb sauce.",25-04-2023,155,Dining
Mystic Falls,Drinks,XP Soda,A range of sodas in multiple epic flavors.,13-12-2022,167,Takeaway
Cyber City,Sides,Cosmic Rings,Onion rings with cosmic seasoning and intergalactic sauce.,28-10-2022,142,Takeaway
Arcadia Bay,Desserts,Cheat Code Cookies,Cookies with chocolate chips and candies.,30-03-2023,172,Online
Mystic Falls,Sides,Byte-Size Tots,Crispy tater tots with cheat-code cheese sauce.,19-07-2023,19,Online
Mystic Falls,Burgers,Next Level Veggie,"A plant-based patty with grilled eggplant, zucchini, goat cheese, and green herb sauce.",12-07-2023,125,Takeaway
Arcadia Bay,Sides,Black Hole Fries,Fries with a dark garlic truffle sauce.,24-09-2023,117,Dining
Elysium District,Sides,Power-Up Fries,Seasoned fries with power-up dips.,09-05-2023,76,Dining
Arcadia Bay,Desserts,Save Point Sundae,"Ice cream, hot fudge, and sprinkles with a cherry on top.",05-07-2023,135,Online
Arcadia Bay,Burgers,Next Level Veggie,"A plant-based patty with grilled eggplant, zucchini, goat cheese, and green herb sauce.",31-10-2022,11,Dining
Cyber City,Drinks,XP Soda,A range of sodas in multiple epic flavors.,19-02-2023,162,Online
Cyber City,Drinks,Mana Milkshake,A blueberry milkshake that restores your energy.,03-09-2023,65,Online
Neo Tokyo,Drinks,Mana Milkshake,A blueberry milkshake that restores your energy.,24-04-2023,84,Online
Mystic Falls,Sides,Black Hole Fries,Fries with a dark garlic truffle sauce.,04-02-2023,136,Takeaway
Cyber City,Sides,Black Hole Fries,Fries with a dark garlic truffle sauce.,04-06-2022,174,Online
Cyber City,Drinks,XP Soda,A range of sodas in multiple epic flavors.,22-08-2022,132,Dining
Mystic Falls,Drinks,Health Potion Smoothie,A blend of red fruits with a secret energy mix.,18-01-2022,107,Takeaway
Elysium District,Drinks,XP Soda,A range of sodas in multiple epic flavors.,30-04-2022,60,Online
Elysium District,Sides,Black Hole Fries,Fries with a dark garlic truffle sauce.,03-01-2022,21,Dining
Arcadia Bay,Sides,Byte-Size Tots,Crispy tater tots with cheat-code cheese sauce.,03-03-2022,9,Online
Arcadia Bay,Desserts,Cheat Code Cookies,Cookies with chocolate chips and candies.,17-11-2022,20,Dining
Elysium District,Sides,Supernova Sweet Potato Fries,Sweet and spicy sweet potato fries with starlight mayo.,13-03-2022,139,Online
Arcadia Bay,Burgers,Retro Reuben,"Corned beef, sauerkraut, Swiss cheese, and thousand island dressing on a rye bun.",19-02-2022,146,Takeaway
Cyber City,Burgers,Avatar Avocado,A chicken burger with creamy avocado spread and sun-dried tomato mayo.,30-11-2022,157,Takeaway
Mystic Falls,Drinks,Health Potion Smoothie,A blend of red fruits with a secret energy mix.,22-03-2023,76,Takeaway
Arcadia Bay,Drinks,XP Soda,A range of sodas in multiple epic flavors.,04-04-2023,6,Online
Elysium District,Sides,Black Hole Fries,Fries with a dark garlic truffle sauce.,02-11-2021,125,Online
Cyber City,Drinks,XP Soda,A range of sodas in multiple epic flavors.,28-04-2022,58,Online
Arcadia Bay,Desserts,Save Point Sundae,"Ice cream, hot fudge, and sprinkles with a cherry on top.",05-01-2022,175,Dining
Arcadia Bay,Burgers,Epic Stack,"A double beef patty with epic layers of crispy bacon, melted cheddar, and our secret Epic Sauce.",19-09-2022,130,Takeaway
Cyber City,Sides,Byte-Size Tots,Crispy tater tots with cheat-code cheese sauce.,05-02-2023,145,Dining
Mystic Falls,Sides,Power-Up Fries,Seasoned fries with power-up dips.,13-01-2022,102,Takeaway
Arcadia Bay,Drinks,Health Potion Smoothie,A blend of red fruits with a secret energy mix.,15-08-2023,179,Dining
Cyber City,Drinks,Mana Milkshake,A blueberry milkshake that restores your energy.,14-10-2023,182,Takeaway
Mystic Falls,Burgers,Next Level Veggie,"A plant-based patty with grilled eggplant, zucchini, goat cheese, and green herb sauce.",12-04-2023,164,Takeaway
Neo Tokyo,Burgers,Stealth Mode Mushroom,A grilled portobello cap with smoked gouda and garlic aioli.,11-05-2022,119,Online
Mystic Falls,Sides,Supernova Sweet Potato Fries,Sweet and spicy sweet potato fries with starlight mayo.,02-01-2023,117,Online
Mystic Falls,Burgers,Epic Stack,"A double beef patty with epic layers of crispy bacon, melted cheddar, and our secret Epic Sauce.",26-08-2023,123,Takeaway
Neo Tokyo,Desserts,Power Pellet Pops,Fruit-infused ice pops.,07-03-2022,37,Takeaway
Neo Tokyo,Burgers,Retro Reuben,"Corned beef, sauerkraut, Swiss cheese, and thousand island dressing on a rye bun.",20-07-2022,39,Online
Cyber City,Desserts,Cheat Code Cookies,Cookies with chocolate chips and candies.,31-05-2023,101,Dining
Arcadia Bay,Sides,Cosmic Rings,Onion rings with cosmic seasoning and intergalactic sauce.,08-03-2023,102,Dining
Elysium District,Burgers,Pixel Pepperjack,"A spicy beef burger with pepperjack cheese, jalapeños, and pixelated salsa.",15-08-2022,92,Takeaway
Cyber City,Desserts,Cheat Code Cookies,Cookies with chocolate chips and candies.,09-02-2022,83,Takeaway
Arcadia Bay,Burgers,Next Level Veggie,"A plant-based patty with grilled eggplant, zucchini, goat cheese, and green herb sauce.",06-03-2022,30,Takeaway
Cyber City,Desserts,Power Pellet Pops,Fruit-infused ice pops.,11-05-2022,159,Dining
Mystic Falls,Burgers,Epic Stack,"A double beef patty with epic layers of crispy bacon, melted cheddar, and our secret Epic Sauce.",27-01-2023,70,Online
Elysium District,Desserts,Cheat Code Cookies,Cookies with chocolate chips and candies.,20-02-2022,67,Online
Elysium District,Sides,Supernova Sweet Potato Fries,Sweet and spicy sweet potato fries with starlight mayo.,06-03-2023,170,Online
Neo Tokyo,Burgers,Avatar Avocado,A chicken burger with creamy avocado spread and sun-dried tomato mayo.,12-04-2023,26,Takeaway
Elysium District,Desserts,Power Pellet Pops,Fruit-infused ice pops.,09-09-2022,68,Dining
Arcadia Bay,Sides,Quantum Fries,Seasoned fries with a secret spice blend.,11-07-2022,49,Dining
Elysium District,Desserts,Power Pellet Pops,Fruit-infused ice pops.,18-08-2023,4,Dining
Neo Tokyo,Drinks,Health Potion Smoothie,A blend of red fruits with a secret energy mix.,08-06-2022,163,Takeaway
Elysium District,Sides,Supernova Sweet Potato Fries,Sweet and spicy sweet potato fries with starlight mayo.,02-02-2023,186,Online
Neo Tokyo,Burgers,Epic Stack,"A double beef patty with epic layers of crispy bacon, melted cheddar, and our secret Epic Sauce.",02-04-2022,67,Online
Mystic Falls,Sides,Cosmic Rings,Onion rings with cosmic seasoning and intergalactic sauce.,27-11-2022,123,Takeaway
Mystic Falls,Sides,Byte-Size Tots,Crispy tater tots with cheat-code cheese sauce.,04-07-2023,143,Dining
Elysium District,Drinks,Health Potion Smoothie,A blend of red fruits with a secret energy mix.,23-10-2023,18,Dining
Neo Tokyo,Sides,Byte-Size Tots,Crispy tater tots with cheat-code cheese sauce.,04-04-2022,119,Takeaway
Neo Tokyo,Drinks,Health Potion Smoothie,A blend of red fruits with a secret energy mix.,09-11-2022,49,Dining
Cyber City,Burgers,Avatar Avocado,A chicken burger with creamy avocado spread and sun-dried tomato mayo.,28-05-2023,6,Takeaway
Elysium District,Drinks,Mana Milkshake,A blueberry milkshake that restores your energy.,18-12-2022,68,Dining
Cyber City,Desserts,Save Point Sundae,"Ice cream, hot fudge, and sprinkles with a cherry on top.",24-01-2023,126,Takeaway
Cyber City,Drinks,XP Soda,A range of sodas in multiple epic flavors.,22-11-2022,191,Dining
Cyber City,Desserts,Cheat Code Cookies,Cookies with chocolate chips and candies.,30-08-2022,17,Takeaway
Mystic Falls,Burgers,Epic Stack,"A double beef patty with epic layers of crispy bacon, melted cheddar, and our secret Epic Sauce.",15-09-2022,185,Takeaway
Mystic Falls,Drinks,XP Soda,A range of sodas in multiple epic flavors.,31-01-2022,199,Takeaway
Mystic Falls,Sides,Quantum Fries,Seasoned fries with a secret spice blend.,27-10-2023,50,Online
Arcadia Bay,Drinks,Health Potion Smoothie,A blend of red fruits with a secret energy mix.,13-07-2022,110,Online
Mystic Falls,Drinks,XP Soda,A range of sodas in multiple epic flavors.,23-09-2022,75,Dining
Arcadia Bay,Sides,Power-Up Fries,Seasoned fries with power-up dips.,31-01-2022,164,Takeaway
Elysium District,Desserts,Power Pellet Pops,Fruit-infused ice pops.,12-10-2022,185,Takeaway
Mystic Falls,Desserts,Cheat Code Cookies,Cookies with chocolate chips and candies.,17-08-2023,177,Dining
Neo Tokyo,Burgers,Retro Reuben,"Corned beef, sauerkraut, Swiss cheese, and thousand island dressing on a rye bun.",20-11-2021,122,Dining
Elysium District,Sides,Byte-Size Tots,Crispy tater tots with cheat-code cheese sauce.,03-04-2023,175,Takeaway
Neo Tokyo,Drinks,Mana Milkshake,A blueberry milkshake that restores your energy.,30-03-2023,35,Takeaway
Arcadia Bay,Desserts,Cheat Code Cookies,Cookies with chocolate chips and candies.,19-10-2023,29,Online
Elysium District,Burgers,Pixel Pepperjack,"A spicy beef burger with pepperjack cheese, jalapeños, and pixelated salsa.",08-02-2022,100,Online
Mystic Falls,Drinks,XP Soda,A range of sodas in multiple epic flavors.,28-02-2023,5,Dining
Cyber City,Desserts,Save Point Sundae,"Ice cream, hot fudge, and sprinkles with a cherry on top.",28-08-2022,141,Dining
Elysium District,Burgers,Avatar Avocado,A chicken burger with creamy avocado spread and sun-dried tomato mayo.,24-05-2023,185,Takeaway
Arcadia Bay,Burgers,Epic Stack,"A double beef patty with epic layers of crispy bacon, melted cheddar, and our secret Epic Sauce.",25-12-2021,27,Online
Elysium District,Drinks,Mana Milkshake,A blueberry milkshake that restores your energy.,07-07-2022,105,Online
Neo Tokyo,Desserts,Cheat Code Cookies,Cookies with chocolate chips and candies.,02-12-2021,6,Dining
Neo Tokyo,Sides,Black Hole Fries,Fries with a dark garlic truffle sauce.,26-07-2023,195,Dining
Arcadia Bay,Sides,Supernova Sweet Potato Fries,Sweet and spicy sweet potato fries with starlight mayo.,05-04-2022,116,Dining
Cyber City,Sides,Byte-Size Tots,Crispy tater tots with cheat-code cheese sauce.,23-09-2023,16,Online
Arcadia Bay,Burgers,Avatar Avocado,A chicken burger with creamy avocado spread and sun-dried tomato mayo.,24-01-2022,183,Takeaway
Cyber City,Desserts,Cheat Code Cookies,Cookies with chocolate chips and candies.,16-07-2022,130,Dining
Elysium District,Drinks,Health Potion Smoothie,A blend of red fruits with a secret energy mix.,19-10-2023,53,Online
Elysium District,Burgers,Pixel Pepperjack,"A spicy beef burger with pepperjack cheese, jalapeños, and pixelated salsa.",25-06-2022,80,Dining
Mystic Falls,Desserts,Cheat Code Cookies,Cookies with chocolate chips and candies.,17-05-2022,78,Online
Arcadia Bay,Drinks,Health Potion Smoothie,A blend of red fruits with a secret energy mix.,24-07-2023,118,Dining
Arcadia Bay,Sides,Supernova Sweet Potato Fries,Sweet and spicy sweet potato fries with starlight mayo.,14-08-2022,140,Online
Mystic Falls,Desserts,Save Point Sundae,"Ice cream, hot fudge, and sprinkles with a cherry on top.",11-09-2022,46,Takeaway
Mystic Falls,Sides,Black Hole Fries,Fries with a dark garlic truffle sauce.,05-12-2021,6,Takeaway
Mystic Falls,Burgers,Stealth Mode Mushroom,A grilled portobello cap with smoked gouda and garlic aioli.,15-12-2022,41,Online
Neo Tokyo,Desserts,Cheat Code Cookies,Cookies with chocolate chips and candies.,01-05-2022,170,Dining
Mystic Falls,Drinks,XP Soda,A range of sodas in multiple epic flavors.,08-03-2023,88,Online
Mystic Falls,Desserts,Cheat Code Cookies,Cookies with chocolate chips and candies.,15-12-2021,171,Takeaway
Neo Tokyo,Desserts,Save Point Sundae,"Ice cream, hot fudge, and sprinkles with a cherry on top.",28-07-2022,131,Dining
Arcadia Bay,Sides,Power-Up Fries,Seasoned fries with power-up dips.,07-12-2021,185,Takeaway
Cyber City,Burgers,Avatar Avocado,A chicken burger with creamy avocado spread and sun-dried tomato mayo.,12-04-2022,189,Takeaway
Cyber City,Desserts,Cheat Code Cookies,Cookies with chocolate chips and candies.,21-09-2023,34,Takeaway
Mystic Falls,Sides,Quantum Fries,Seasoned fries with a secret spice blend.,05-11-2021,57,Dining
Cyber City,Drinks,XP Soda,A range of sodas in multiple epic flavors.,08-04-2023,4,Takeaway
Neo Tokyo,Drinks,Mana Milkshake,A blueberry milkshake that restores your energy.,18-02-2022,8,Dining
Arcadia Bay,Sides,Cosmic Rings,Onion rings with cosmic seasoning and intergalactic sauce.,30-09-2023,136,Takeaway
Arcadia Bay,Drinks,Mana Milkshake,A blueberry milkshake that restores your energy.,20-07-2022,32,Dining
Elysium District,Sides,Black Hole Fries,Fries with a dark garlic truffle sauce.,22-05-2022,95,Online
Arcadia Bay,Desserts,Save Point Sundae,"Ice cream, hot fudge, and sprinkles with a cherry on top.",02-09-2022,2,Dining
Mystic Falls,Drinks,Health Potion Smoothie,A blend of red fruits with a secret energy mix.,31-10-2022,170,Takeaway
Arcadia Bay,Burgers,Retro Reuben,"Corned beef, sauerkraut, Swiss cheese, and thousand island dressing on a rye bun.",21-02-2023,89,Online
Arcadia Bay,Drinks,Health Potion Smoothie,A blend of red fruits with a secret energy mix.,07-07-2023,83,Dining
Elysium District,Sides,Supernova Sweet Potato Fries,Sweet and spicy sweet potato fries with starlight mayo.,03-04-2023,42,Takeaway
Neo Tokyo,Drinks,Mana Milkshake,A blueberry milkshake that restores your energy.,28-07-2022,170,Online
Elysium District,Desserts,Save Point Sundae,"Ice cream, hot fudge, and sprinkles with a cherry on top.",05-10-2022,178,Dining
Mystic Falls,Sides,Byte-Size Tots,Crispy tater tots with cheat-code cheese sauce.,08-04-2022,55,Takeaway
Elysium District,Sides,Cosmic Rings,Onion rings with cosmic seasoning and intergalactic sauce.,06-11-2022,81,Online
Mystic Falls,Drinks,Mana Milkshake,A blueberry milkshake that restores your energy.,27-01-2022,192,Online
Mystic Falls,Sides,Quantum Fries,Seasoned fries with a secret spice blend.,24-08-2023,58,Online
Neo Tokyo,Burgers,Pixel Pepperjack,"A spicy beef burger with pepperjack cheese, jalapeños, and pixelated salsa.",06-12-2022,83,Takeaway
Cyber City,Burgers,Next Level Veggie,"A plant-based patty with grilled eggplant, zucchini, goat cheese, and green herb sauce.",03-06-2023,106,Dining
Elysium District,Burgers,Stealth Mode Mushroom,A grilled portobello cap with smoked gouda and garlic aioli.,29-03-2022,66,Dining
Mystic Falls,Drinks,XP Soda,A range of sodas in multiple epic flavors.,07-08-2022,85,Takeaway
Arcadia Bay,Burgers,Next Level Veggie,"A plant-based patty with grilled eggplant, zucchini, goat cheese, and green herb sauce.",17-10-2023,67,Online
Arcadia Bay,Desserts,Power Pellet Pops,Fruit-infused ice pops.,03-12-2021,77,Takeaway
Cyber City,Sides,Byte-Size Tots,Crispy tater tots with cheat-code cheese sauce.,06-12-2021,6,Takeaway
Elysium District,Sides,Power-Up Fries,Seasoned fries with power-up dips.,11-12-2022,65,Dining
Elysium District,Sides,Quantum Fries,Seasoned fries with a secret spice blend.,10-01-2023,185,Online
Cyber City,Burgers,Pixel Pepperjack,"A spicy beef burger with pepperjack cheese, jalapeños, and pixelated salsa.",04-01-2023,163,Online
Cyber City,Burgers,Next Level Veggie,"A plant-based patty with grilled eggplant, zucchini, goat cheese, and green herb sauce.",23-11-2022,47,Dining
Arcadia Bay,Burgers,Next Level Veggie,"A plant-based patty with grilled eggplant, zucchini, goat cheese, and green herb sauce.",15-04-2023,114,Online
Arcadia Bay,Burgers,Next Level Veggie,"A plant-based patty with grilled eggplant, zucchini, goat cheese, and green herb sauce.",20-02-2022,5,Dining
Neo Tokyo,Desserts,Save Point Sundae,"Ice cream, hot fudge, and sprinkles with a cherry on top.",02-01-2023,123,Online
Neo Tokyo,Drinks,Health Potion Smoothie,A blend of red fruits with a secret energy mix.,17-09-2023,3,Dining
Neo Tokyo,Desserts,Cheat Code Cookies,Cookies with chocolate chips and candies.,28-09-2023,48,Takeaway
Cyber City,Desserts,Cheat Code Cookies,Cookies with chocolate chips and candies.,04-01-2023,91,Dining
Mystic Falls,Drinks,Mana Milkshake,A blueberry milkshake that restores your energy.,04-07-2023,18,Takeaway
Neo Tokyo,Burgers,Epic Stack,"A double beef patty with epic layers of crispy bacon, melted cheddar, and our secret Epic Sauce.",29-11-2021,84,Dining
Mystic Falls,Burgers,Avatar Avocado,A chicken burger with creamy avocado spread and sun-dried tomato mayo.,16-12-2021,165,Takeaway
Mystic Falls,Sides,Black Hole Fries,Fries with a dark garlic truffle sauce.,05-05-2023,22,Takeaway
Elysium District,Burgers,Stealth Mode Mushroom,A grilled portobello cap with smoked gouda and garlic aioli.,26-12-2021,95,Dining
Mystic Falls,Sides,Supernova Sweet Potato Fries,Sweet and spicy sweet potato fries with starlight mayo.,14-09-2022,96,Dining
Cyber City,Burgers,Retro Reuben,"Corned beef, sauerkraut, Swiss cheese, and thousand island dressing on a rye bun.",07-04-2023,133,Takeaway
Mystic Falls,Drinks,Mana Milkshake,A blueberry milkshake that restores your energy.,03-09-2022,151,Online
Neo Tokyo,Drinks,Health Potion Smoothie,A blend of red fruits with a secret energy mix.,06-04-2022,117,Dining
Elysium District,Desserts,Save Point Sundae,"Ice cream, hot fudge, and sprinkles with a cherry on top.",30-11-2022,156,Dining
Elysium District,Drinks,Mana Milkshake,A blueberry milkshake that restores your energy.,23-12-2021,1,Online
Arcadia Bay,Desserts,Save Point Sundae,"Ice cream, hot fudge, and sprinkles with a cherry on top.",22-06-2022,12,Online
Mystic Falls,Drinks,Mana Milkshake,A blueberry milkshake that restores your energy.,29-12-2021,124,Dining
Arcadia Bay,Drinks,XP Soda,A range of sodas in multiple epic flavors.,27-02-2023,189,Takeaway
Mystic Falls,Drinks,Health Potion Smoothie,A blend of red fruits with a secret energy mix.,11-07-2023,15,Takeaway
Arcadia Bay,Drinks,Health Potion Smoothie,A blend of red fruits with a secret energy mix.,24-10-2023,62,Online
Neo Tokyo,Desserts,Save Point Sundae,"Ice cream, hot fudge, and sprinkles with a cherry on top.",22-06-2023,101,Dining
Mystic Falls,Sides,Power-Up Fries,Seasoned fries with power-up dips.,30-03-2023,70,Online
Arcadia Bay,Sides,Supernova Sweet Potato Fries,Sweet and spicy sweet potato fries with starlight mayo.,24-12-2022,173,Dining
Elysium District,Drinks,Mana Milkshake,A blueberry milkshake that restores your energy.,04-09-2022,12,Dining
Arcadia Bay,Sides,Byte-Size Tots,Crispy tater tots with cheat-code cheese sauce.,13-08-2022,57,Online
Arcadia Bay,Desserts,Power Pellet Pops,Fruit-infused ice pops.,03-10-2023,169,Takeaway
Cyber City,Desserts,Save Point Sundae,"Ice cream, hot fudge, and sprinkles with a cherry on top.",30-05-2023,63,Online
Cyber City,Desserts,Save Point Sundae,"Ice cream, hot fudge, and sprinkles with a cherry on top.",27-10-2022,83,Online
Arcadia Bay,Sides,Power-Up Fries,Seasoned fries with power-up dips.,08-07-2022,130,Takeaway
Elysium District,Desserts,Cheat Code Cookies,Cookies with chocolate chips and candies.,04-10-2023,3,Takeaway
Arcadia Bay,Drinks,Mana Milkshake,A blueberry milkshake that restores your energy.,26-12-2021,196,Dining
Neo Tokyo,Sides,Cosmic Rings,Onion rings with cosmic seasoning and intergalactic sauce.,07-11-2022,165,Dining
Cyber City,Burgers,Next Level Veggie,"A plant-based patty with grilled eggplant, zucchini, goat cheese, and green herb sauce.",12-01-2023,100,Takeaway
Neo Tokyo,Sides,Byte-Size Tots,Crispy tater tots with cheat-code cheese sauce.,01-03-2022,64,Online
Cyber City,Sides,Power-Up Fries,Seasoned fries with power-up dips.,25-02-2023,165,Online
Cyber City,Desserts,Power Pellet Pops,Fruit-infused ice pops.,16-08-2023,161,Takeaway
Mystic Falls,Burgers,Pixel Pepperjack,"A spicy beef burger with pepperjack cheese, jalapeños, and pixelated salsa.",06-09-2023,174,Takeaway
Mystic Falls,Sides,Power-Up Fries,Seasoned fries with power-up dips.,04-08-2023,108,Online
Elysium District,Desserts,Cheat Code Cookies,Cookies with chocolate chips and candies.,10-06-2023,120,Online
Neo Tokyo,Sides,Cosmic Rings,Onion rings with cosmic seasoning and intergalactic sauce.,03-03-2023,77,Online
Cyber City,Desserts,Cheat Code Cookies,Cookies with chocolate chips and candies.,04-10-2023,117,Dining
Neo Tokyo,Sides,Black Hole Fries,Fries with a dark garlic truffle sauce.,14-04-2022,116,Takeaway
Elysium District,Drinks,XP Soda,A range of sodas in multiple epic flavors.,21-07-2023,15,Dining
Arcadia Bay,Drinks,Health Potion Smoothie,A blend of red fruits with a secret energy mix.,16-02-2022,149,Online
Neo Tokyo,Desserts,Save Point Sundae,"Ice cream, hot fudge, and sprinkles with a cherry on top.",01-05-2022,53,Online
Elysium District,Burgers,Retro Reuben,"Corned beef, sauerkraut, Swiss cheese, and thousand island dressing on a rye bun.",02-11-2023,162,Takeaway
Mystic Falls,Drinks,Mana Milkshake,A blueberry milkshake that restores your energy.,16-04-2023,183,Takeaway
Neo Tokyo,Burgers,Next Level Veggie,"A plant-based patty with grilled eggplant, zucchini, goat cheese, and green herb sauce.",21-07-2022,49,Dining
Cyber City,Burgers,Next Level Veggie,"A plant-based patty with grilled eggplant, zucchini, goat cheese, and green herb sauce.",27-01-2022,79,Online
Elysium District,Drinks,Health Potion Smoothie,A blend of red fruits with a secret energy mix.,10-01-2023,159,Dining
Mystic Falls,Drinks,Mana Milkshake,A blueberry milkshake that restores your energy.,09-10-2023,32,Dining
Elysium District,Sides,Byte-Size Tots,Crispy tater tots with cheat-code cheese sauce.,06-07-2023,140,Dining
Cyber City,Sides,Supernova Sweet Potato Fries,Sweet and spicy sweet potato fries with starlight mayo.,14-05-2023,1,Dining
Neo Tokyo,Sides,Supernova Sweet Potato Fries,Sweet and spicy sweet potato fries with starlight mayo.,08-01-2023,40,Online
Mystic Falls,Burgers,Avatar Avocado,A chicken burger with creamy avocado spread and sun-dried tomato mayo.,16-11-2022,69,Dining
Cyber City,Drinks,Mana Milkshake,A blueberry milkshake that restores your energy.,15-04-2023,195,Online
Mystic Falls,Drinks,XP Soda,A range of sodas in multiple epic flavors.,01-08-2022,130,Online
Cyber City,Drinks,XP Soda,A range of sodas in multiple epic flavors.,06-07-2023,175,Takeaway
Elysium District,Desserts,Cheat Code Cookies,Cookies with chocolate chips and candies.,04-09-2022,89,Takeaway
Cyber City,Desserts,Power Pellet Pops,Fruit-infused ice pops.,19-03-2023,172,Takeaway
Elysium District,Desserts,Power Pellet Pops,Fruit-infused ice pops.,09-04-2023,168,Dining
Elysium District,Drinks,XP Soda,A range of sodas in multiple epic flavors.,21-10-2023,11,Takeaway
Arcadia Bay,Drinks,Health Potion Smoothie,A blend of red fruits with a secret energy mix.,01-03-2022,181,Takeaway
Arcadia Bay,Burgers,Next Level Veggie,"A plant-based patty with grilled eggplant, zucchini, goat cheese, and green herb sauce.",18-11-2021,134,Takeaway
Cyber City,Sides,Black Hole Fries,Fries with a dark garlic truffle sauce.,09-11-2021,162,Dining
Elysium District,Burgers,Pixel Pepperjack,"A spicy beef burger with pepperjack cheese, jalapeños, and pixelated salsa.",22-01-2022,4,Takeaway
Elysium District,Sides,Cosmic Rings,Onion rings with cosmic seasoning and intergalactic sauce.,27-02-2023,49,Takeaway
Arcadia Bay,Drinks,Health Potion Smoothie,A blend of red fruits with a secret energy mix.,01-09-2022,131,Takeaway
Cyber City,Drinks,Mana Milkshake,A blueberry milkshake that restores your energy.,05-08-2023,185,Online
Cyber City,Sides,Cosmic Rings,Onion rings with cosmic seasoning and intergalactic sauce.,09-01-2022,192,Takeaway
Neo Tokyo,Desserts,Save Point Sundae,"Ice cream, hot fudge, and sprinkles with a cherry on top.",03-11-2021,114,Dining
Neo Tokyo,Desserts,Power Pellet Pops,Fruit-infused ice pops.,28-09-2023,127,Takeaway
Mystic Falls,Sides,Black Hole Fries,Fries with a dark garlic truffle sauce.,31-03-2023,140,Takeaway
Elysium District,Drinks,Health Potion Smoothie,A blend of red fruits with a secret energy mix.,10-01-2023,39,Dining
Arcadia Bay,Drinks,Health Potion Smoothie,A blend of red fruits with a secret energy mix.,11-06-2022,199,Dining
Neo Tokyo,Burgers,Epic Stack,"A double beef patty with epic layers of crispy bacon, melted cheddar, and our secret Epic Sauce.",29-07-2022,137,Online
Neo Tokyo,Sides,Power-Up Fries,Seasoned fries with power-up dips.,15-02-2023,200,Takeaway
Arcadia Bay,Drinks,XP Soda,A range of sodas in multiple epic flavors.,25-12-2022,143,Online
Neo Tokyo,Drinks,XP Soda,A range of sodas in multiple epic flavors.,10-05-2022,176,Takeaway
Elysium District,Drinks,Health Potion Smoothie,A blend of red fruits with a secret energy mix.,19-01-2023,99,Online
Cyber City,Drinks,XP Soda,A range of sodas in multiple epic flavors.,30-04-2022,108,Takeaway
Arcadia Bay,Sides,Black Hole Fries,Fries with a dark garlic truffle sauce.,11-11-2021,40,Dining
Arcadia Bay,Desserts,Power Pellet Pops,Fruit-infused ice pops.,01-06-2023,20,Takeaway
Mystic Falls,Drinks,Mana Milkshake,A blueberry milkshake that restores your energy.,20-10-2022,99,Online
Mystic Falls,Burgers,Retro Reuben,"Corned beef, sauerkraut, Swiss cheese, and thousand island dressing on a rye bun.",11-10-2023,98,Online
Arcadia Bay,Drinks,Health Potion Smoothie,A blend of red fruits with a secret energy mix.,25-11-2021,122,Takeaway
Mystic Falls,Sides,Supernova Sweet Potato Fries,Sweet and spicy sweet potato fries with starlight mayo.,21-06-2022,188,Online
Arcadia Bay,Desserts,Save Point Sundae,"Ice cream, hot fudge, and sprinkles with a cherry on top.",26-06-2022,148,Online
Cyber City,Burgers,Retro Reuben,"Corned beef, sauerkraut, Swiss cheese, and thousand island dressing on a rye bun.",04-07-2023,63,Online
Mystic Falls,Sides,Quantum Fries,Seasoned fries with a secret spice blend.,12-12-2022,153,Dining
Elysium District,Desserts,Save Point Sundae,"Ice cream, hot fudge, and sprinkles with a cherry on top.",27-09-2022,66,Dining
Elysium District,Sides,Cosmic Rings,Onion rings with cosmic seasoning and intergalactic sauce.,16-06-2022,90,Dining
Elysium District,Burgers,Stealth Mode Mushroom,A grilled portobello cap with smoked gouda and garlic aioli.,02-10-2023,187,Online
Arcadia Bay,Drinks,Mana Milkshake,A blueberry milkshake that restores your energy.,02-09-2022,44,Online
Neo Tokyo,Desserts,Power Pellet Pops,Fruit-infused ice pops.,13-12-2021,60,Takeaway
Neo Tokyo,Sides,Quantum Fries,Seasoned fries with a secret spice blend.,21-02-2023,103,Dining
Mystic Falls,Drinks,Health Potion Smoothie,A blend of red fruits with a secret energy mix.,24-04-2023,43,Dining
Elysium District,Drinks,Health Potion Smoothie,A blend of red fruits with a secret energy mix.,19-02-2022,117,Takeaway
Mystic Falls,Desserts,Cheat Code Cookies,Cookies with chocolate chips and candies.,05-12-2021,165,Online
Arcadia Bay,Sides,Power-Up Fries,Seasoned fries with power-up dips.,09-09-2022,154,Dining
Elysium District,Sides,Byte-Size Tots,Crispy tater tots with cheat-code cheese sauce.,24-04-2023,49,Online
Cyber City,Burgers,Retro Reuben,"Corned beef, sauerkraut, Swiss cheese, and thousand island dressing on a rye bun.",13-04-2023,65,Dining
Neo Tokyo,Sides,Supernova Sweet Potato Fries,Sweet and spicy sweet potato fries with starlight mayo.,14-08-2023,44,Online
Mystic Falls,Desserts,Power Pellet Pops,Fruit-infused ice pops.,06-11-2022,196,Takeaway
Mystic Falls,Desserts,Save Point Sundae,"Ice cream, hot fudge, and sprinkles with a cherry on top.",09-10-2023,58,Dining
Arcadia Bay,Drinks,Health Potion Smoothie,A blend of red fruits with a secret energy mix.,03-02-2023,70,Online
Cyber City,Drinks,Mana Milkshake,A blueberry milkshake that restores your energy.,12-02-2022,157,Takeaway
Cyber City,Desserts,Save Point Sundae,"Ice cream, hot fudge, and sprinkles with a cherry on top.",14-03-2022,12,Takeaway
Cyber City,Sides,Power-Up Fries,Seasoned fries with power-up dips.,01-08-2023,48,Dining
Arcadia Bay,Burgers,Next Level Veggie,"A plant-based patty with grilled eggplant, zucchini, goat cheese, and green herb sauce.",06-11-2022,9,Dining
Neo Tokyo,Drinks,XP Soda,A range of sodas in multiple epic flavors.,16-07-2023,98,Online
Neo Tokyo,Burgers,Pixel Pepperjack,"A spicy beef burger with pepperjack cheese, jalapeños, and pixelated salsa.",27-05-2022,125,Dining
Neo Tokyo,Sides,Byte-Size Tots,Crispy tater tots with cheat-code cheese sauce.,15-07-2023,190,Dining
Mystic Falls,Burgers,Pixel Pepperjack,"A spicy beef burger with pepperjack cheese, jalapeños, and pixelated salsa.",29-11-2022,173,Online
Cyber City,Sides,Cosmic Rings,Onion rings with cosmic seasoning and intergalactic sauce.,01-09-2022,35,Online
Cyber City,Burgers,Pixel Pepperjack,"A spicy beef burger with pepperjack cheese, jalapeños, and pixelated salsa.",22-01-2022,61,Online
Cyber City,Drinks,Mana Milkshake,A blueberry milkshake that restores your energy.,18-11-2021,72,Takeaway
Mystic Falls,Drinks,XP Soda,A range of sodas in multiple epic flavors.,24-01-2023,158,Online
Neo Tokyo,Burgers,Stealth Mode Mushroom,A grilled portobello cap with smoked gouda and garlic aioli.,02-10-2022,13,Takeaway
Elysium District,Sides,Supernova Sweet Potato Fries,Sweet and spicy sweet potato fries with starlight mayo.,27-07-2022,60,Dining
Cyber City,Desserts,Power Pellet Pops,Fruit-infused ice pops.,27-08-2022,167,Takeaway
Neo Tokyo,Sides,Quantum Fries,Seasoned fries with a secret spice blend.,08-05-2023,167,Dining
Cyber City,Sides,Supernova Sweet Potato Fries,Sweet and spicy sweet potato fries with starlight mayo.,19-02-2023,176,Dining
Neo Tokyo,Drinks,Mana Milkshake,A blueberry milkshake that restores your energy.,10-12-2022,4,Dining
Elysium District,Desserts,Save Point Sundae,"Ice cream, hot fudge, and sprinkles with a cherry on top.",21-03-2022,61,Online
Mystic Falls,Burgers,Pixel Pepperjack,"A spicy beef burger with pepperjack cheese, jalapeños, and pixelated salsa.",04-01-2022,35,Takeaway
Cyber City,Burgers,Pixel Pepperjack,"A spicy beef burger with pepperjack cheese, jalapeños, and pixelated salsa.",20-05-2022,71,Online
Elysium District,Drinks,Mana Milkshake,A blueberry milkshake that restores your energy.,02-12-2022,37,Takeaway
Elysium District,Drinks,Health Potion Smoothie,A blend of red fruits with a secret energy mix.,31-01-2023,88,Takeaway
Arcadia Bay,Drinks,Mana Milkshake,A blueberry milkshake that restores your energy.,25-04-2023,183,Dining
Mystic Falls,Sides,Quantum Fries,Seasoned fries with a secret spice blend.,06-01-2023,73,Online
Mystic Falls,Burgers,Retro Reuben,"Corned beef, sauerkraut, Swiss cheese, and thousand island dressing on a rye bun.",23-03-2023,74,Takeaway
Cyber City,Burgers,Pixel Pepperjack,"A spicy beef burger with pepperjack cheese, jalapeños, and pixelated salsa.",20-05-2023,114,Dining
Cyber City,Burgers,Retro Reuben,"Corned beef, sauerkraut, Swiss cheese, and thousand island dressing on a rye bun.",21-02-2023,183,Takeaway
Neo Tokyo,Burgers,Pixel Pepperjack,"A spicy beef burger with pepperjack cheese, jalapeños, and pixelated salsa.",13-06-2023,179,Online
Neo Tokyo,Sides,Black Hole Fries,Fries with a dark garlic truffle sauce.,03-04-2022,165,Dining
Cyber City,Desserts,Cheat Code Cookies,Cookies with chocolate chips and candies.,18-01-2022,180,Online
Arcadia Bay,Desserts,Power Pellet Pops,Fruit-infused ice pops.,21-10-2022,10,Online
Cyber City,Desserts,Power Pellet Pops,Fruit-infused ice pops.,21-06-2023,167,Takeaway
Arcadia Bay,Sides,Byte-Size Tots,Crispy tater tots with cheat-code cheese sauce.,20-09-2023,158,Takeaway
Arcadia Bay,Burgers,Next Level Veggie,"A plant-based patty with grilled eggplant, zucchini, goat cheese, and green herb sauce.",09-12-2021,82,Online
Mystic Falls,Desserts,Save Point Sundae,"Ice cream, hot fudge, and sprinkles with a cherry on top.",28-12-2022,166,Takeaway
Neo Tokyo,Drinks,Mana Milkshake,A blueberry milkshake that restores your energy.,01-04-2023,113,Dining
Mystic Falls,Sides,Supernova Sweet Potato Fries,Sweet and spicy sweet potato fries with starlight mayo.,31-08-2023,57,Takeaway
Elysium District,Desserts,Power Pellet Pops,Fruit-infused ice pops.,22-08-2022,133,Dining
Elysium District,Burgers,Retro Reuben,"Corned beef, sauerkraut, Swiss cheese, and thousand island dressing on a rye bun.",04-04-2022,53,Online
Mystic Falls,Drinks,Mana Milkshake,A blueberry milkshake that restores your energy.,31-03-2022,98,Takeaway
Elysium District,Drinks,Health Potion Smoothie,A blend of red fruits with a secret energy mix.,12-10-2023,53,Takeaway
Elysium District,Drinks,Mana Milkshake,A blueberry milkshake that restores your energy.,08-01-2022,145,Dining
Elysium District,Sides,Power-Up Fries,Seasoned fries with power-up dips.,14-03-2022,17,Online
Cyber City,Desserts,Power Pellet Pops,Fruit-infused ice pops.,14-06-2022,135,Online
Arcadia Bay,Desserts,Save Point Sundae,"Ice cream, hot fudge, and sprinkles with a cherry on top.",16-07-2023,138,Online
Elysium District,Burgers,Epic Stack,"A double beef patty with epic layers of crispy bacon, melted cheddar, and our secret Epic Sauce.",13-05-2022,48,Takeaway
Mystic Falls,Desserts,Power Pellet Pops,Fruit-infused ice pops.,03-02-2023,63,Takeaway
Neo Tokyo,Burgers,Next Level Veggie,"A plant-based patty with grilled eggplant, zucchini, goat cheese, and green herb sauce.",02-08-2022,4,Online
Mystic Falls,Sides,Quantum Fries,Seasoned fries with a secret spice blend.,16-07-2022,119,Takeaway
Neo Tokyo,Burgers,Pixel Pepperjack,"A spicy beef burger with pepperjack cheese, jalapeños, and pixelated salsa.",10-03-2022,52,Takeaway
Elysium District,Burgers,Stealth Mode Mushroom,A grilled portobello cap with smoked gouda and garlic aioli.,06-10-2023,115,Takeaway
Elysium District,Burgers,Pixel Pepperjack,"A spicy beef burger with pepperjack cheese, jalapeños, and pixelated salsa.",10-06-2022,70,Online
Mystic Falls,Desserts,Save Point Sundae,"Ice cream, hot fudge, and sprinkles with a cherry on top.",13-06-2023,51,Online
Neo Tokyo,Drinks,XP Soda,A range of sodas in multiple epic flavors.,07-01-2023,44,Dining
Cyber City,Sides,Cosmic Rings,Onion rings with cosmic seasoning and intergalactic sauce.,12-10-2023,189,Dining
Elysium District,Burgers,Avatar Avocado,A chicken burger with creamy avocado spread and sun-dried tomato mayo.,20-01-2023,134,Dining
Neo Tokyo,Burgers,Next Level Veggie,"A plant-based patty with grilled eggplant, zucchini, goat cheese, and green herb sauce.",28-01-2022,35,Online
Mystic Falls,Drinks,Mana Milkshake,A blueberry milkshake that restores your energy.,29-12-2022,105,Takeaway
Neo Tokyo,Sides,Black Hole Fries,Fries with a dark garlic truffle sauce.,18-04-2023,100,Online
Neo Tokyo,Sides,Power-Up Fries,Seasoned fries with power-up dips.,04-10-2022,117,Online
Neo Tokyo,Drinks,Health Potion Smoothie,A blend of red fruits with a secret energy mix.,08-09-2022,45,Dining
Neo Tokyo,Desserts,Save Point Sundae,"Ice cream, hot fudge, and sprinkles with a cherry on top.",20-11-2021,28,Dining
Arcadia Bay,Burgers,Epic Stack,"A double beef patty with epic layers of crispy bacon, melted cheddar, and our secret Epic Sauce.",15-03-2023,58,Takeaway
Cyber City,Desserts,Cheat Code Cookies,Cookies with chocolate chips and candies.,30-01-2023,94,Online
Cyber City,Sides,Byte-Size Tots,Crispy tater tots with cheat-code cheese sauce.,29-10-2023,161,Online
Elysium District,Desserts,Cheat Code Cookies,Cookies with chocolate chips and candies.,07-01-2022,64,Online
Neo Tokyo,Sides,Black Hole Fries,Fries with a dark garlic truffle sauce.,12-06-2022,158,Dining
Arcadia Bay,Drinks,Health Potion Smoothie,A blend of red fruits with a secret energy mix.,03-08-2023,154,Takeaway
Elysium District,Burgers,Epic Stack,"A double beef patty with epic layers of crispy bacon, melted cheddar, and our secret Epic Sauce.",13-12-2022,117,Dining
Arcadia Bay,Drinks,Mana Milkshake,A blueberry milkshake that restores your energy.,05-04-2023,123,Dining
Neo Tokyo,Drinks,Health Potion Smoothie,A blend of red fruits with a secret energy mix.,19-12-2022,183,Online
Elysium District,Sides,Power-Up Fries,Seasoned fries with power-up dips.,18-07-2023,56,Takeaway
Cyber City,Sides,Cosmic Rings,Onion rings with cosmic seasoning and intergalactic sauce.,04-02-2022,85,Dining
Elysium District,Sides,Cosmic Rings,Onion rings with cosmic seasoning and intergalactic sauce.,04-09-2023,167,Dining
Neo Tokyo,Drinks,Mana Milkshake,A blueberry milkshake that restores your energy.,16-07-2023,123,Dining
Mystic Falls,Drinks,Mana Milkshake,A blueberry milkshake that restores your energy.,22-01-2022,34,Online
Neo Tokyo,Burgers,Stealth Mode Mushroom,A grilled portobello cap with smoked gouda and garlic aioli.,24-06-2023,164,Takeaway
Neo Tokyo,Burgers,Avatar Avocado,A chicken burger with creamy avocado spread and sun-dried tomato mayo.,03-09-2023,99,Dining
Cyber City,Drinks,Health Potion Smoothie,A blend of red fruits with a secret energy mix.,31-01-2022,126,Dining
Neo Tokyo,Desserts,Power Pellet Pops,Fruit-infused ice pops.,05-06-2022,147,Takeaway
Mystic Falls,Sides,Power-Up Fries,Seasoned fries with power-up dips.,24-07-2023,77,Online
Neo Tokyo,Drinks,Mana Milkshake,A blueberry milkshake that restores your energy.,15-06-2022,148,Online
Cyber City,Desserts,Power Pellet Pops,Fruit-infused ice pops.,17-03-2022,16,Dining
Mystic Falls,Sides,Power-Up Fries,Seasoned fries with power-up dips.,16-04-2022,77,Dining
Cyber City,Desserts,Cheat Code Cookies,Cookies with chocolate chips and candies.,06-09-2022,102,Dining
Neo Tokyo,Drinks,XP Soda,A range of sodas in multiple epic flavors.,09-08-2023,128,Takeaway
Mystic Falls,Desserts,Power Pellet Pops,Fruit-infused ice pops.,29-03-2022,101,Takeaway
Mystic Falls,Burgers,Pixel Pepperjack,"A spicy beef burger with pepperjack cheese, jalapeños, and pixelated salsa.",16-01-2022,188,Dining
Neo Tokyo,Sides,Power-Up Fries,Seasoned fries with power-up dips.,23-09-2022,16,Online
Neo Tokyo,Drinks,Mana Milkshake,A blueberry milkshake that restores your energy.,01-05-2022,187,Online
Elysium District,Burgers,Stealth Mode Mushroom,A grilled portobello cap with smoked gouda and garlic aioli.,19-08-2022,37,Takeaway
Elysium District,Desserts,Save Point Sundae,"Ice cream, hot fudge, and sprinkles with a cherry on top.",12-02-2022,71,Dining
Arcadia Bay,Burgers,Next Level Veggie,"A plant-based patty with grilled eggplant, zucchini, goat cheese, and green herb sauce.",08-04-2023,175,Online
Neo Tokyo,Sides,Supernova Sweet Potato Fries,Sweet and spicy sweet potato fries with starlight mayo.,07-01-2023,97,Dining
Arcadia Bay,Drinks,XP Soda,A range of sodas in multiple epic flavors.,24-01-2023,180,Dining
Neo Tokyo,Burgers,Retro Reuben,"Corned beef, sauerkraut, Swiss cheese, and thousand island dressing on a rye bun.",28-01-2023,97,Online
Mystic Falls,Burgers,Stealth Mode Mushroom,A grilled portobello cap with smoked gouda and garlic aioli.,26-02-2023,41,Online
Elysium District,Sides,Byte-Size Tots,Crispy tater tots with cheat-code cheese sauce.,09-04-2023,178,Dining
Mystic Falls,Sides,Supernova Sweet Potato Fries,Sweet and spicy sweet potato fries with starlight mayo.,03-04-2022,23,Online
Arcadia Bay,Sides,Byte-Size Tots,Crispy tater tots with cheat-code cheese sauce.,30-03-2022,77,Dining
Elysium District,Desserts,Save Point Sundae,"Ice cream, hot fudge, and sprinkles with a cherry on top.",06-08-2023,82,Online
Cyber City,Desserts,Power Pellet Pops,Fruit-infused ice pops.,27-09-2022,200,Takeaway
Arcadia Bay,Burgers,Next Level Veggie,"A plant-based patty with grilled eggplant, zucchini, goat cheese, and green herb sauce.",01-07-2022,80,Dining
Cyber City,Desserts,Cheat Code Cookies,Cookies with chocolate chips and candies.,22-03-2022,40,Online
Mystic Falls,Sides,Supernova Sweet Potato Fries,Sweet and spicy sweet potato fries with starlight mayo.,01-09-2023,138,Online
Mystic Falls,Burgers,Stealth Mode Mushroom,A grilled portobello cap with smoked gouda and garlic aioli.,28-04-2022,81,Dining
Mystic Falls,Sides,Supernova Sweet Potato Fries,Sweet and spicy sweet potato fries with starlight mayo.,09-04-2023,26,Online
Mystic Falls,Burgers,Avatar Avocado,A chicken burger with creamy avocado spread and sun-dried tomato mayo.,10-01-2022,41,Takeaway
Cyber City,Sides,Black Hole Fries,Fries with a dark garlic truffle sauce.,15-07-2022,6,Takeaway
Mystic Falls,Desserts,Power Pellet Pops,Fruit-infused ice pops.,13-10-2023,87,Dining
Arcadia Bay,Sides,Supernova Sweet Potato Fries,Sweet and spicy sweet potato fries with starlight mayo.,17-03-2022,148,Takeaway
Cyber City,Burgers,Next Level Veggie,"A plant-based patty with grilled eggplant, zucchini, goat cheese, and green herb sauce.",28-09-2022,58,Online
Mystic Falls,Desserts,Power Pellet Pops,Fruit-infused ice pops.,17-01-2023,40,Dining
Elysium District,Sides,Supernova Sweet Potato Fries,Sweet and spicy sweet potato fries with starlight mayo.,26-08-2022,48,Online
Cyber City,Drinks,Health Potion Smoothie,A blend of red fruits with a secret energy mix.,25-10-2023,164,Takeaway
Cyber City,Drinks,XP Soda,A range of sodas in multiple epic flavors.,14-01-2023,134,Dining
Mystic Falls,Drinks,Mana Milkshake,A blueberry milkshake that restores your energy.,13-09-2022,175,Takeaway
Neo Tokyo,Drinks,Mana Milkshake,A blueberry milkshake that restores your energy.,03-10-2022,177,Dining
Cyber City,Drinks,Mana Milkshake,A blueberry milkshake that restores your energy.,03-12-2021,92,Online
Cyber City,Drinks,Health Potion Smoothie,A blend of red fruits with a secret energy mix.,07-03-2023,37,Dining
Mystic Falls,Burgers,Retro Reuben,"Corned beef, sauerkraut, Swiss cheese, and thousand island dressing on a rye bun.",07-04-2023,113,Takeaway
Neo Tokyo,Sides,Black Hole Fries,Fries with a dark garlic truffle sauce.,16-07-2023,104,Takeaway
Cyber City,Burgers,Next Level Veggie,"A plant-based patty with grilled eggplant, zucchini, goat cheese, and green herb sauce.",28-10-2023,130,Online
Neo Tokyo,Drinks,Health Potion Smoothie,A blend of red fruits with a secret energy mix.,18-06-2023,31,Dining
Arcadia Bay,Desserts,Save Point Sundae,"Ice cream, hot fudge, and sprinkles with a cherry on top.",09-08-2023,151,Online
Elysium District,Drinks,Health Potion Smoothie,A blend of red fruits with a secret energy mix.,14-08-2023,150,Takeaway
Arcadia Bay,Sides,Supernova Sweet Potato Fries,Sweet and spicy sweet potato fries with starlight mayo.,23-08-2022,111,Takeaway
Elysium District,Sides,Supernova Sweet Potato Fries,Sweet and spicy sweet potato fries with starlight mayo.,03-05-2023,38,Dining
Neo Tokyo,Sides,Black Hole Fries,Fries with a dark garlic truffle sauce.,15-01-2023,51,Dining
Neo Tokyo,Drinks,XP Soda,A range of sodas in multiple epic flavors.,19-12-2022,133,Online
Mystic Falls,Drinks,Health Potion Smoothie,A blend of red fruits with a secret energy mix.,06-07-2023,180,Online
Elysium District,Desserts,Power Pellet Pops,Fruit-infused ice pops.,17-03-2023,129,Dining
Mystic Falls,Burgers,Next Level Veggie,"A plant-based patty with grilled eggplant, zucchini, goat cheese, and green herb sauce.",14-07-2023,162,Dining
Neo Tokyo,Sides,Byte-Size Tots,Crispy tater tots with cheat-code cheese sauce.,30-06-2023,123,Dining
Arcadia Bay,Drinks,Health Potion Smoothie,A blend of red fruits with a secret energy mix.,05-05-2023,32,Dining
Arcadia Bay,Drinks,Mana Milkshake,A blueberry milkshake that restores your energy.,12-02-2023,178,Online
Arcadia Bay,Sides,Power-Up Fries,Seasoned fries with power-up dips.,11-02-2023,85,Online
Neo Tokyo,Drinks,Health Potion Smoothie,A blend of red fruits with a secret energy mix.,11-07-2023,173,Dining
Cyber City,Burgers,Avatar Avocado,A chicken burger with creamy avocado spread and sun-dried tomato mayo.,07-04-2022,8,Takeaway
Cyber City,Sides,Black Hole Fries,Fries with a dark garlic truffle sauce.,06-01-2023,164,Online
Elysium District,Desserts,Save Point Sundae,"Ice cream, hot fudge, and sprinkles with a cherry on top.",22-10-2022,123,Takeaway
Elysium District,Desserts,Power Pellet Pops,Fruit-infused ice pops.,15-03-2022,90,Online
Cyber City,Burgers,Pixel Pepperjack,"A spicy beef burger with pepperjack cheese, jalapeños, and pixelated salsa.",19-04-2023,25,Dining
Mystic Falls,Desserts,Power Pellet Pops,Fruit-infused ice pops.,08-01-2023,151,Dining
Elysium District,Desserts,Save Point Sundae,"Ice cream, hot fudge, and sprinkles with a cherry on top.",15-09-2023,165,Dining
Arcadia Bay,Drinks,Mana Milkshake,A blueberry milkshake that restores your energy.,16-07-2022,105,Online
Mystic Falls,Drinks,Health Potion Smoothie,A blend of red fruits with a secret energy mix.,24-10-2023,59,Dining
Arcadia Bay,Sides,Black Hole Fries,Fries with a dark garlic truffle sauce.,11-09-2023,112,Takeaway
Mystic Falls,Sides,Power-Up Fries,Seasoned fries with power-up dips.,02-09-2022,143,Takeaway
Elysium District,Sides,Black Hole Fries,Fries with a dark garlic truffle sauce.,15-09-2022,55,Dining
Arcadia Bay,Drinks,Mana Milkshake,A blueberry milkshake that restores your energy.,29-07-2022,20,Online
Neo Tokyo,Desserts,Power Pellet Pops,Fruit-infused ice pops.,29-04-2023,15,Online
Mystic Falls,Sides,Power-Up Fries,Seasoned fries with power-up dips.,06-10-2022,111,Dining
Arcadia Bay,Desserts,Cheat Code Cookies,Cookies with chocolate chips and candies.,06-02-2022,185,Takeaway
Mystic Falls,Drinks,XP Soda,A range of sodas in multiple epic flavors.,05-05-2022,6,Takeaway
Neo Tokyo,Sides,Cosmic Rings,Onion rings with cosmic seasoning and intergalactic sauce.,24-12-2021,134,Takeaway
Arcadia Bay,Desserts,Power Pellet Pops,Fruit-infused ice pops.,08-11-2022,159,Takeaway
Arcadia Bay,Desserts,Cheat Code Cookies,Cookies with chocolate chips and candies.,01-07-2023,190,Online
Arcadia Bay,Drinks,Health Potion Smoothie,A blend of red fruits with a secret energy mix.,12-09-2022,96,Online
Arcadia Bay,Desserts,Cheat Code Cookies,Cookies with chocolate chips and candies.,27-09-2023,49,Online
Elysium District,Drinks,XP Soda,A range of sodas in multiple epic flavors.,04-10-2023,21,Online
Arcadia Bay,Drinks,Mana Milkshake,A blueberry milkshake that restores your energy.,27-10-2022,9,Dining
Elysium District,Drinks,XP Soda,A range of sodas in multiple epic flavors.,01-05-2023,195,Takeaway
Mystic Falls,Desserts,Cheat Code Cookies,Cookies with chocolate chips and candies.,25-05-2023,163,Dining
Elysium District,Desserts,Cheat Code Cookies,Cookies with chocolate chips and candies.,19-06-2023,195,Takeaway
Cyber City,Burgers,Next Level Veggie,"A plant-based patty with grilled eggplant, zucchini, goat cheese, and green herb sauce.",06-08-2023,65,Dining
Mystic Falls,Burgers,Avatar Avocado,A chicken burger with creamy avocado spread and sun-dried tomato mayo.,09-04-2022,67,Dining
Arcadia Bay,Burgers,Stealth Mode Mushroom,A grilled portobello cap with smoked gouda and garlic aioli.,20-03-2022,135,Online
Neo Tokyo,Burgers,Avatar Avocado,A chicken burger with creamy avocado spread and sun-dried tomato mayo.,08-07-2022,48,Dining
Neo Tokyo,Desserts,Cheat Code Cookies,Cookies with chocolate chips and candies.,28-10-2022,148,Takeaway
Neo Tokyo,Sides,Byte-Size Tots,Crispy tater tots with cheat-code cheese sauce.,19-03-2022,142,Takeaway
Arcadia Bay,Burgers,Next Level Veggie,"A plant-based patty with grilled eggplant, zucchini, goat cheese, and green herb sauce.",11-05-2023,122,Online
Cyber City,Drinks,Health Potion Smoothie,A blend of red fruits with a secret energy mix.,16-10-2022,59,Dining
Mystic Falls,Desserts,Power Pellet Pops,Fruit-infused ice pops.,03-03-2022,140,Online
Cyber City,Desserts,Cheat Code Cookies,Cookies with chocolate chips and candies.,07-02-2023,64,Online
Arcadia Bay,Desserts,Power Pellet Pops,Fruit-infused ice pops.,20-09-2023,58,Online
Elysium District,Burgers,Stealth Mode Mushroom,A grilled portobello cap with smoked gouda and garlic aioli.,18-05-2022,179,Takeaway
Cyber City,Sides,Black Hole Fries,Fries with a dark garlic truffle sauce.,11-11-2021,84,Takeaway
Neo Tokyo,Sides,Power-Up Fries,Seasoned fries with power-up dips.,05-01-2023,195,Dining
Arcadia Bay,Drinks,XP Soda,A range of sodas in multiple epic flavors.,06-03-2023,90,Takeaway
Neo Tokyo,Desserts,Power Pellet Pops,Fruit-infused ice pops.,16-12-2021,64,Dining
Cyber City,Desserts,Cheat Code Cookies,Cookies with chocolate chips and candies.,09-11-2022,21,Online
Mystic Falls,Drinks,Mana Milkshake,A blueberry milkshake that restores your energy.,27-02-2023,36,Dining
Mystic Falls,Burgers,Retro Reuben,"Corned beef, sauerkraut, Swiss cheese, and thousand island dressing on a rye bun.",29-10-2022,80,Online
Cyber City,Desserts,Cheat Code Cookies,Cookies with chocolate chips and candies.,31-08-2023,135,Online
Elysium District,Sides,Byte-Size Tots,Crispy tater tots with cheat-code cheese sauce.,28-08-2023,180,Dining
Cyber City,Sides,Cosmic Rings,Onion rings with cosmic seasoning and intergalactic sauce.,15-04-2022,81,Online
Arcadia Bay,Sides,Supernova Sweet Potato Fries,Sweet and spicy sweet potato fries with starlight mayo.,21-05-2023,56,Takeaway
Arcadia Bay,Desserts,Cheat Code Cookies,Cookies with chocolate chips and candies.,05-04-2023,56,Dining
Neo Tokyo,Sides,Cosmic Rings,Onion rings with cosmic seasoning and intergalactic sauce.,11-12-2021,112,Takeaway
Neo Tokyo,Desserts,Save Point Sundae,"Ice cream, hot fudge, and sprinkles with a cherry on top.",06-11-2021,21,Online
Mystic Falls,Desserts,Power Pellet Pops,Fruit-infused ice pops.,04-03-2023,55,Takeaway
Elysium District,Desserts,Power Pellet Pops,Fruit-infused ice pops.,09-02-2022,164,Dining
Neo Tokyo,Desserts,Save Point Sundae,"Ice cream, hot fudge, and sprinkles with a cherry on top.",24-04-2022,97,Online
Elysium District,Drinks,Mana Milkshake,A blueberry milkshake that restores your energy.,27-10-2023,153,Online
Arcadia Bay,Drinks,Mana Milkshake,A blueberry milkshake that restores your energy.,11-06-2023,107,Dining
Arcadia Bay,Drinks,Health Potion Smoothie,A blend of red fruits with a secret energy mix.,26-01-2023,47,Takeaway
Arcadia Bay,Sides,Power-Up Fries,Seasoned fries with power-up dips.,16-04-2022,11,Dining
Neo Tokyo,Burgers,Next Level Veggie,"A plant-based patty with grilled eggplant, zucchini, goat cheese, and green herb sauce.",13-09-2023,117,Takeaway
Arcadia Bay,Desserts,Cheat Code Cookies,Cookies with chocolate chips and candies.,20-11-2022,178,Takeaway
Mystic Falls,Sides,Black Hole Fries,Fries with a dark garlic truffle sauce.,29-12-2021,144,Online
Elysium District,Burgers,Avatar Avocado,A chicken burger with creamy avocado spread and sun-dried tomato mayo.,19-01-2022,116,Dining
Neo Tokyo,Drinks,Mana Milkshake,A blueberry milkshake that restores your energy.,13-01-2022,110,Online
Cyber City,Desserts,Cheat Code Cookies,Cookies with chocolate chips and candies.,03-12-2022,42,Takeaway
Mystic Falls,Burgers,Stealth Mode Mushroom,A grilled portobello cap with smoked gouda and garlic aioli.,05-09-2022,1,Dining
Cyber City,Drinks,Health Potion Smoothie,A blend of red fruits with a secret energy mix.,28-12-2021,126,Dining
Elysium District,Burgers,Stealth Mode Mushroom,A grilled portobello cap with smoked gouda and garlic aioli.,28-07-2022,144,Online
Neo Tokyo,Sides,Black Hole Fries,Fries with a dark garlic truffle sauce.,29-01-2023,14,Dining
Elysium District,Burgers,Pixel Pepperjack,"A spicy beef burger with pepperjack cheese, jalapeños, and pixelated salsa.",06-09-2022,23,Dining
Mystic Falls,Drinks,Health Potion Smoothie,A blend of red fruits with a secret energy mix.,10-04-2023,67,Online
Mystic Falls,Sides,Byte-Size Tots,Crispy tater tots with cheat-code cheese sauce.,19-06-2023,7,Dining
Elysium District,Drinks,XP Soda,A range of sodas in multiple epic flavors.,20-09-2023,199,Dining
Neo Tokyo,Desserts,Power Pellet Pops,Fruit-infused ice pops.,06-06-2023,176,Takeaway
Elysium District,Desserts,Power Pellet Pops,Fruit-infused ice pops.,31-01-2022,127,Online
Neo Tokyo,Desserts,Cheat Code Cookies,Cookies with chocolate chips and candies.,08-06-2022,74,Dining
Mystic Falls,Sides,Quantum Fries,Seasoned fries with a secret spice blend.,16-08-2023,15,Online
Mystic Falls,Burgers,Stealth Mode Mushroom,A grilled portobello cap with smoked gouda and garlic aioli.,29-11-2022,133,Dining
Neo Tokyo,Desserts,Power Pellet Pops,Fruit-infused ice pops.,05-04-2023,112,Dining
Arcadia Bay,Desserts,Save Point Sundae,"Ice cream, hot fudge, and sprinkles with a cherry on top.",01-12-2022,172,Online
Mystic Falls,Desserts,Save Point Sundae,"Ice cream, hot fudge, and sprinkles with a cherry on top.",07-12-2021,45,Dining
Mystic Falls,Drinks,Mana Milkshake,A blueberry milkshake that restores your energy.,04-09-2023,146,Takeaway
Arcadia Bay,Sides,Supernova Sweet Potato Fries,Sweet and spicy sweet potato fries with starlight mayo.,08-05-2023,7,Takeaway
Neo Tokyo,Desserts,Power Pellet Pops,Fruit-infused ice pops.,05-03-2022,42,Takeaway
Elysium District,Sides,Supernova Sweet Potato Fries,Sweet and spicy sweet potato fries with starlight mayo.,08-04-2022,47,Online
Arcadia Bay,Burgers,Next Level Veggie,"A plant-based patty with grilled eggplant, zucchini, goat cheese, and green herb sauce.",17-07-2023,143,Dining
Neo Tokyo,Burgers,Epic Stack,"A double beef patty with epic layers of crispy bacon, melted cheddar, and our secret Epic Sauce.",29-07-2022,105,Dining
Elysium District,Drinks,Mana Milkshake,A blueberry milkshake that restores your energy.,20-03-2022,76,Online
Cyber City,Desserts,Save Point Sundae,"Ice cream, hot fudge, and sprinkles with a cherry on top.",27-08-2022,131,Takeaway
Mystic Falls,Drinks,Mana Milkshake,A blueberry milkshake that restores your energy.,14-05-2023,175,Takeaway
Cyber City,Sides,Quantum Fries,Seasoned fries with a secret spice blend.,21-05-2023,111,Takeaway
Elysium District,Sides,Cosmic Rings,Onion rings with cosmic seasoning and intergalactic sauce.,09-01-2022,164,Dining
Arcadia Bay,Sides,Quantum Fries,Seasoned fries with a secret spice blend.,03-11-2021,51,Dining
Cyber City,Drinks,Mana Milkshake,A blueberry milkshake that restores your energy.,18-06-2022,79,Takeaway
Cyber City,Burgers,Next Level Veggie,"A plant-based patty with grilled eggplant, zucchini, goat cheese, and green herb sauce.",19-05-2023,25,Dining
Mystic Falls,Sides,Power-Up Fries,Seasoned fries with power-up dips.,01-08-2023,84,Dining
Neo Tokyo,Drinks,Mana Milkshake,A blueberry milkshake that restores your energy.,01-03-2023,25,Takeaway
Mystic Falls,Burgers,Retro Reuben,"Corned beef, sauerkraut, Swiss cheese, and thousand island dressing on a rye bun.",22-05-2023,28,Online
Neo Tokyo,Drinks,XP Soda,A range of sodas in multiple epic flavors.,12-05-2023,94,Dining
Neo Tokyo,Sides,Cosmic Rings,Onion rings with cosmic seasoning and intergalactic sauce.,26-07-2023,26,Online
Neo Tokyo,Burgers,Retro Reuben,"Corned beef, sauerkraut, Swiss cheese, and thousand island dressing on a rye bun.",17-10-2022,22,Dining
Cyber City,Desserts,Power Pellet Pops,Fruit-infused ice pops.,25-05-2023,195,Takeaway
Arcadia Bay,Burgers,Next Level Veggie,"A plant-based patty with grilled eggplant, zucchini, goat cheese, and green herb sauce.",12-12-2021,120,Dining
Cyber City,Burgers,Epic Stack,"A double beef patty with epic layers of crispy bacon, melted cheddar, and our secret Epic Sauce.",04-05-2022,137,Takeaway
Mystic Falls,Sides,Cosmic Rings,Onion rings with cosmic seasoning and intergalactic sauce.,04-01-2023,73,Takeaway
Neo Tokyo,Desserts,Cheat Code Cookies,Cookies with chocolate chips and candies.,05-04-2022,81,Takeaway
Arcadia Bay,Drinks,XP Soda,A range of sodas in multiple epic flavors.,26-05-2023,45,Online
Mystic Falls,Burgers,Retro Reuben,"Corned beef, sauerkraut, Swiss cheese, and thousand island dressing on a rye bun.",23-11-2021,46,Takeaway
Elysium District,Desserts,Save Point Sundae,"Ice cream, hot fudge, and sprinkles with a cherry on top.",20-10-2023,178,Takeaway
Arcadia Bay,Drinks,Health Potion Smoothie,A blend of red fruits with a secret energy mix.,16-06-2022,44,Takeaway
Arcadia Bay,Burgers,Next Level Veggie,"A plant-based patty with grilled eggplant, zucchini, goat cheese, and green herb sauce.",29-03-2023,113,Online
Elysium District,Burgers,Next Level Veggie,"A plant-based patty with grilled eggplant, zucchini, goat cheese, and green herb sauce.",14-07-2022,187,Takeaway
Neo Tokyo,Burgers,Avatar Avocado,A chicken burger with creamy avocado spread and sun-dried tomato mayo.,09-10-2023,163,Takeaway
Mystic Falls,Desserts,Cheat Code Cookies,Cookies with chocolate chips and candies.,02-10-2022,18,Online
Cyber City,Drinks,XP Soda,A range of sodas in multiple epic flavors.,15-03-2022,111,Online
Mystic Falls,Sides,Cosmic Rings,Onion rings with cosmic seasoning and intergalactic sauce.,29-06-2023,161,Online
Mystic Falls,Drinks,Health Potion Smoothie,A blend of red fruits with a secret energy mix.,24-08-2022,131,Online
Neo Tokyo,Desserts,Cheat Code Cookies,Cookies with chocolate chips and candies.,30-07-2022,15,Online
Cyber City,Drinks,Health Potion Smoothie,A blend of red fruits with a secret energy mix.,25-07-2022,152,Dining
Mystic Falls,Desserts,Power Pellet Pops,Fruit-infused ice pops.,05-04-2022,111,Dining
Elysium District,Drinks,Mana Milkshake,A blueberry milkshake that restores your energy.,05-10-2023,20,Dining
Arcadia Bay,Sides,Cosmic Rings,Onion rings with cosmic seasoning and intergalactic sauce.,27-04-2023,132,Dining
Neo Tokyo,Burgers,Next Level Veggie,"A plant-based patty with grilled eggplant, zucchini, goat cheese, and green herb sauce.",17-12-2021,142,Dining
Cyber City,Sides,Byte-Size Tots,Crispy tater tots with cheat-code cheese sauce.,04-10-2022,133,Takeaway
Elysium District,Sides,Power-Up Fries,Seasoned fries with power-up dips.,24-06-2022,46,Takeaway
Arcadia Bay,Burgers,Pixel Pepperjack,"A spicy beef burger with pepperjack cheese, jalapeños, and pixelated salsa.",07-03-2023,1,Online
Cyber City,Desserts,Power Pellet Pops,Fruit-infused ice pops.,16-02-2023,28,Online
Elysium District,Sides,Byte-Size Tots,Crispy tater tots with cheat-code cheese sauce.,13-11-2021,161,Dining
Arcadia Bay,Desserts,Cheat Code Cookies,Cookies with chocolate chips and candies.,30-07-2022,28,Takeaway
Cyber City,Burgers,Stealth Mode Mushroom,A grilled portobello cap with smoked gouda and garlic aioli.,16-05-2023,43,Takeaway
Elysium District,Drinks,Health Potion Smoothie,A blend of red fruits with a secret energy mix.,21-09-2023,141,Online
Mystic Falls,Desserts,Power Pellet Pops,Fruit-infused ice pops.,10-01-2023,44,Online
Arcadia Bay,Sides,Black Hole Fries,Fries with a dark garlic truffle sauce.,21-08-2022,57,Takeaway
Cyber City,Desserts,Cheat Code Cookies,Cookies with chocolate chips and candies.,10-07-2023,140,Online
Elysium District,Desserts,Power Pellet Pops,Fruit-infused ice pops.,31-08-2023,129,Dining
Mystic Falls,Burgers,Epic Stack,"A double beef patty with epic layers of crispy bacon, melted cheddar, and our secret Epic Sauce.",19-04-2022,11,Takeaway
Mystic Falls,Burgers,Epic Stack,"A double beef patty with epic layers of crispy bacon, melted cheddar, and our secret Epic Sauce.",10-01-2023,164,Dining
Cyber City,Drinks,Mana Milkshake,A blueberry milkshake that restores your energy.,22-01-2023,158,Dining
Neo Tokyo,Burgers,Retro Reuben,"Corned beef, sauerkraut, Swiss cheese, and thousand island dressing on a rye bun.",29-07-2022,180,Takeaway
Cyber City,Drinks,XP Soda,A range of sodas in multiple epic flavors.,30-10-2023,154,Takeaway
Arcadia Bay,Burgers,Next Level Veggie,"A plant-based patty with grilled eggplant, zucchini, goat cheese, and green herb sauce.",09-02-2023,33,Takeaway
Elysium District,Desserts,Cheat Code Cookies,Cookies with chocolate chips and candies.,29-06-2023,83,Dining
Mystic Falls,Desserts,Save Point Sundae,"Ice cream, hot fudge, and sprinkles with a cherry on top.",06-09-2023,166,Online
Arcadia Bay,Desserts,Cheat Code Cookies,Cookies with chocolate chips and candies.,14-10-2022,143,Takeaway
Arcadia Bay,Drinks,Health Potion Smoothie,A blend of red fruits with a secret energy mix.,25-03-2023,46,Takeaway
Cyber City,Sides,Power-Up Fries,Seasoned fries with power-up dips.,08-02-2023,70,Takeaway
Arcadia Bay,Sides,Cosmic Rings,Onion rings with cosmic seasoning and intergalactic sauce.,01-04-2023,190,Online
Arcadia Bay,Desserts,Power Pellet Pops,Fruit-infused ice pops.,07-12-2021,41,Dining
Mystic Falls,Drinks,Health Potion Smoothie,A blend of red fruits with a secret energy mix.,12-09-2022,57,Takeaway
Mystic Falls,Desserts,Cheat Code Cookies,Cookies with chocolate chips and candies.,22-03-2023,172,Dining
Mystic Falls,Drinks,Health Potion Smoothie,A blend of red fruits with a secret energy mix.,25-05-2023,114,Takeaway
Neo Tokyo,Desserts,Save Point Sundae,"Ice cream, hot fudge, and sprinkles with a cherry on top.",15-01-2023,160,Takeaway
Elysium District,Drinks,Mana Milkshake,A blueberry milkshake that restores your energy.,15-03-2022,144,Takeaway
Cyber City,Burgers,Pixel Pepperjack,"A spicy beef burger with pepperjack cheese, jalapeños, and pixelated salsa.",19-07-2022,159,Takeaway
Cyber City,Desserts,Power Pellet Pops,Fruit-infused ice pops.,27-12-2022,182,Takeaway
Elysium District,Sides,Quantum Fries,Seasoned fries with a secret spice blend.,06-09-2022,151,Online
Neo Tokyo,Burgers,Stealth Mode Mushroom,A grilled portobello cap with smoked gouda and garlic aioli.,24-12-2022,68,Dining
Neo Tokyo,Burgers,Retro Reuben,"Corned beef, sauerkraut, Swiss cheese, and thousand island dressing on a rye bun.",09-08-2023,66,Takeaway
Cyber City,Desserts,Save Point Sundae,"Ice cream, hot fudge, and sprinkles with a cherry on top.",12-09-2023,134,Dining
Cyber City,Sides,Power-Up Fries,Seasoned fries with power-up dips.,05-05-2022,83,Online
Mystic Falls,Burgers,Avatar Avocado,A chicken burger with creamy avocado spread and sun-dried tomato mayo.,19-02-2023,194,Dining
Cyber City,Burgers,Avatar Avocado,A chicken burger with creamy avocado spread and sun-dried tomato mayo.,18-08-2023,136,Online
Neo Tokyo,Drinks,Mana Milkshake,A blueberry milkshake that restores your energy.,17-01-2022,110,Dining
Arcadia Bay,Drinks,Health Potion Smoothie,A blend of red fruits with a secret energy mix.,04-11-2021,74,Dining
Elysium District,Drinks,Mana Milkshake,A blueberry milkshake that restores your energy.,10-11-2022,152,Takeaway
Neo Tokyo,Drinks,XP Soda,A range of sodas in multiple epic flavors.,24-06-2023,46,Online
Elysium District,Desserts,Cheat Code Cookies,Cookies with chocolate chips and candies.,28-01-2023,167,Dining
Mystic Falls,Drinks,Mana Milkshake,A blueberry milkshake that restores your energy.,20-06-2023,15,Online
Cyber City,Desserts,Save Point Sundae,"Ice cream, hot fudge, and sprinkles with a cherry on top.",04-05-2023,24,Dining
Mystic Falls,Drinks,XP Soda,A range of sodas in multiple epic flavors.,17-07-2022,178,Dining
Mystic Falls,Drinks,XP Soda,A range of sodas in multiple epic flavors.,24-04-2022,150,Dining
Arcadia Bay,Burgers,Pixel Pepperjack,"A spicy beef burger with pepperjack cheese, jalapeños, and pixelated salsa.",28-12-2021,29,Takeaway
Elysium District,Drinks,Mana Milkshake,A blueberry milkshake that restores your energy.,25-03-2022,110,Dining
Cyber City,Drinks,Mana Milkshake,A blueberry milkshake that restores your energy.,14-03-2022,185,Online
Cyber City,Drinks,XP Soda,A range of sodas in multiple epic flavors.,05-04-2023,164,Takeaway
Neo Tokyo,Desserts,Power Pellet Pops,Fruit-infused ice pops.,04-11-2022,53,Online
Mystic Falls,Desserts,Save Point Sundae,"Ice cream, hot fudge, and sprinkles with a cherry on top.",05-11-2022,110,Dining
Cyber City,Sides,Byte-Size Tots,Crispy tater tots with cheat-code cheese sauce.,06-11-2021,174,Dining
Mystic Falls,Burgers,Stealth Mode Mushroom,A grilled portobello cap with smoked gouda and garlic aioli.,14-01-2022,158,Online
Elysium District,Desserts,Save Point Sundae,"Ice cream, hot fudge, and sprinkles with a cherry on top.",16-03-2023,80,Dining
Arcadia Bay,Sides,Black Hole Fries,Fries with a dark garlic truffle sauce.,10-05-2022,155,Online
Mystic Falls,Drinks,XP Soda,A range of sodas in multiple epic flavors.,01-10-2022,172,Dining
Elysium District,Sides,Cosmic Rings,Onion rings with cosmic seasoning and intergalactic sauce.,29-08-2023,35,Online
Arcadia Bay,Burgers,Retro Reuben,"Corned beef, sauerkraut, Swiss cheese, and thousand island dressing on a rye bun.",14-02-2022,152,Takeaway
Elysium District,Desserts,Cheat Code Cookies,Cookies with chocolate chips and candies.,05-03-2022,172,Dining
Arcadia Bay,Sides,Quantum Fries,Seasoned fries with a secret spice blend.,26-03-2022,108,Online
Arcadia Bay,Drinks,Mana Milkshake,A blueberry milkshake that restores your energy.,26-02-2023,15,Dining
Cyber City,Sides,Byte-Size Tots,Crispy tater tots with cheat-code cheese sauce.,12-04-2023,137,Online
Cyber City,Desserts,Save Point Sundae,"Ice cream, hot fudge, and sprinkles with a cherry on top.",29-03-2022,10,Takeaway
Elysium District,Desserts,Cheat Code Cookies,Cookies with chocolate chips and candies.,25-12-2022,111,Dining
Neo Tokyo,Desserts,Cheat Code Cookies,Cookies with chocolate chips and candies.,15-09-2023,63,Takeaway
Neo Tokyo,Sides,Quantum Fries,Seasoned fries with a secret spice blend.,12-03-2022,192,Dining
Elysium District,Burgers,Stealth Mode Mushroom,A grilled portobello cap with smoked gouda and garlic aioli.,09-07-2023,100,Dining
Mystic Falls,Drinks,Health Potion Smoothie,A blend of red fruits with a secret energy mix.,07-09-2022,77,Online
Elysium District,Sides,Cosmic Rings,Onion rings with cosmic seasoning and intergalactic sauce.,10-11-2021,181,Online
Elysium District,Desserts,Cheat Code Cookies,Cookies with chocolate chips and candies.,27-08-2022,86,Online
Neo Tokyo,Drinks,XP Soda,A range of sodas in multiple epic flavors.,08-08-2022,79,Online
Neo Tokyo,Sides,Power-Up Fries,Seasoned fries with power-up dips.,16-02-2022,199,Online
Neo Tokyo,Burgers,Pixel Pepperjack,"A spicy beef burger with pepperjack cheese, jalapeños, and pixelated salsa.",11-07-2022,16,Dining
Mystic Falls,Drinks,Mana Milkshake,A blueberry milkshake that restores your energy.,19-09-2022,165,Dining
Elysium District,Drinks,Mana Milkshake,A blueberry milkshake that restores your energy.,04-11-2021,92,Dining
Cyber City,Sides,Supernova Sweet Potato Fries,Sweet and spicy sweet potato fries with starlight mayo.,01-05-2022,199,Takeaway
Arcadia Bay,Drinks,Health Potion Smoothie,A blend of red fruits with a secret energy mix.,15-02-2023,23,Dining
Elysium District,Drinks,Health Potion Smoothie,A blend of red fruits with a secret energy mix.,01-03-2022,3,Dining
Cyber City,Sides,Quantum Fries,Seasoned fries with a secret spice blend.,14-02-2023,194,Takeaway
Elysium District,Desserts,Save Point Sundae,"Ice cream, hot fudge, and sprinkles with a cherry on top.",06-06-2023,185,Takeaway
Cyber City,Sides,Supernova Sweet Potato Fries,Sweet and spicy sweet potato fries with starlight mayo.,31-07-2022,196,Takeaway
Cyber City,Desserts,Save Point Sundae,"Ice cream, hot fudge, and sprinkles with a cherry on top.",28-06-2023,107,Takeaway
Arcadia Bay,Drinks,XP Soda,A range of sodas in multiple epic flavors.,27-06-2022,87,Dining
Mystic Falls,Desserts,Cheat Code Cookies,Cookies with chocolate chips and candies.,04-03-2023,145,Online
Arcadia Bay,Desserts,Cheat Code Cookies,Cookies with chocolate chips and candies.,31-05-2022,67,Online
Elysium District,Desserts,Save Point Sundae,"Ice cream, hot fudge, and sprinkles with a cherry on top.",15-06-2022,59,Online
Neo Tokyo,Drinks,Health Potion Smoothie,A blend of red fruits with a secret energy mix.,29-10-2022,183,Takeaway
Mystic Falls,Desserts,Cheat Code Cookies,Cookies with chocolate chips and candies.,09-07-2023,145,Online
Cyber City,Drinks,XP Soda,A range of sodas in multiple epic flavors.,25-08-2023,64,Dining
Neo Tokyo,Drinks,Mana Milkshake,A blueberry milkshake that restores your energy.,17-03-2023,58,Dining
Elysium District,Desserts,Power Pellet Pops,Fruit-infused ice pops.,16-01-2022,84,Dining
Mystic Falls,Drinks,XP Soda,A range of sodas in multiple epic flavors.,09-06-2022,44,Online
Mystic Falls,Drinks,Health Potion Smoothie,A blend of red fruits with a secret energy mix.,27-05-2022,190,Dining
Elysium District,Drinks,Health Potion Smoothie,A blend of red fruits with a secret energy mix.,21-03-2022,172,Dining
Cyber City,Desserts,Save Point Sundae,"Ice cream, hot fudge, and sprinkles with a cherry on top.",17-08-2023,9,Takeaway
Neo Tokyo,Desserts,Cheat Code Cookies,Cookies with chocolate chips and candies.,21-08-2022,57,Dining
Elysium District,Sides,Byte-Size Tots,Crispy tater tots with cheat-code cheese sauce.,19-08-2023,21,Dining
Neo Tokyo,Burgers,Retro Reuben,"Corned beef, sauerkraut, Swiss cheese, and thousand island dressing on a rye bun.",28-11-2021,81,Takeaway
Cyber City,Burgers,Next Level Veggie,"A plant-based patty with grilled eggplant, zucchini, goat cheese, and green herb sauce.",09-01-2023,42,Dining
Mystic Falls,Desserts,Save Point Sundae,"Ice cream, hot fudge, and sprinkles with a cherry on top.",27-01-2023,113,Takeaway
Arcadia Bay,Sides,Cosmic Rings,Onion rings with cosmic seasoning and intergalactic sauce.,18-08-2023,36,Online
Elysium District,Burgers,Stealth Mode Mushroom,A grilled portobello cap with smoked gouda and garlic aioli.,02-01-2023,142,Takeaway
Neo Tokyo,Sides,Power-Up Fries,Seasoned fries with power-up dips.,06-11-2022,142,Online
Neo Tokyo,Sides,Cosmic Rings,Onion rings with cosmic seasoning and intergalactic sauce.,22-09-2023,84,Online
Arcadia Bay,Drinks,XP Soda,A range of sodas in multiple epic flavors.,14-01-2022,143,Takeaway
Neo Tokyo,Sides,Supernova Sweet Potato Fries,Sweet and spicy sweet potato fries with starlight mayo.,13-05-2022,25,Takeaway
Elysium District,Burgers,Pixel Pepperjack,"A spicy beef burger with pepperjack cheese, jalapeños, and pixelated salsa.",12-05-2022,81,Online
Cyber City,Drinks,Health Potion Smoothie,A blend of red fruits with a secret energy mix.,08-01-2023,155,Online
Mystic Falls,Drinks,XP Soda,A range of sodas in multiple epic flavors.,31-07-2023,21,Online
Neo Tokyo,Sides,Byte-Size Tots,Crispy tater tots with cheat-code cheese sauce.,02-04-2023,159,Takeaway
Neo Tokyo,Burgers,Pixel Pepperjack,"A spicy beef burger with pepperjack cheese, jalapeños, and pixelated salsa.",07-09-2023,34,Takeaway
Neo Tokyo,Sides,Cosmic Rings,Onion rings with cosmic seasoning and intergalactic sauce.,17-02-2023,10,Takeaway
Mystic Falls,Sides,Black Hole Fries,Fries with a dark garlic truffle sauce.,02-05-2022,102,Dining
Cyber City,Drinks,Health Potion Smoothie,A blend of red fruits with a secret energy mix.,06-05-2022,93,Takeaway
Arcadia Bay,Drinks,Health Potion Smoothie,A blend of red fruits with a secret energy mix.,20-03-2023,31,Takeaway
Neo Tokyo,Drinks,XP Soda,A range of sodas in multiple epic flavors.,06-07-2022,90,Takeaway
Neo Tokyo,Drinks,XP Soda,A range of sodas in multiple epic flavors.,04-01-2023,55,Online
Elysium District,Sides,Black Hole Fries,Fries with a dark garlic truffle sauce.,15-05-2023,196,Dining
Neo Tokyo,Desserts,Save Point Sundae,"Ice cream, hot fudge, and sprinkles with a cherry on top.",19-04-2022,23,Takeaway
Elysium District,Drinks,Mana Milkshake,A blueberry milkshake that restores your energy.,10-05-2023,36,Takeaway
Mystic Falls,Burgers,Stealth Mode Mushroom,A grilled portobello cap with smoked gouda and garlic aioli.,07-01-2022,179,Dining
Mystic Falls,Burgers,Retro Reuben,"Corned beef, sauerkraut, Swiss cheese, and thousand island dressing on a rye bun.",06-09-2022,135,Takeaway
Neo Tokyo,Desserts,Power Pellet Pops,Fruit-infused ice pops.,24-07-2022,42,Dining
Elysium District,Burgers,Avatar Avocado,A chicken burger with creamy avocado spread and sun-dried tomato mayo.,15-09-2023,200,Takeaway
Mystic Falls,Desserts,Cheat Code Cookies,Cookies with chocolate chips and candies.,28-10-2022,86,Takeaway
Mystic Falls,Sides,Byte-Size Tots,Crispy tater tots with cheat-code cheese sauce.,03-08-2022,98,Takeaway
Cyber City,Desserts,Power Pellet Pops,Fruit-infused ice pops.,13-02-2023,157,Takeaway
Neo Tokyo,Burgers,Stealth Mode Mushroom,A grilled portobello cap with smoked gouda and garlic aioli.,12-12-2021,31,Online
Neo Tokyo,Desserts,Power Pellet Pops,Fruit-infused ice pops.,09-03-2023,57,Dining
Cyber City,Drinks,Mana Milkshake,A blueberry milkshake that restores your energy.,03-09-2023,184,Online
Elysium District,Desserts,Cheat Code Cookies,Cookies with chocolate chips and candies.,05-08-2023,116,Takeaway
Elysium District,Drinks,XP Soda,A range of sodas in multiple epic flavors.,08-12-2021,162,Takeaway
Neo Tokyo,Burgers,Retro Reuben,"Corned beef, sauerkraut, Swiss cheese, and thousand island dressing on a rye bun.",14-06-2022,113,Takeaway
Mystic Falls,Drinks,XP Soda,A range of sodas in multiple epic flavors.,02-12-2022,156,Takeaway
Elysium District,Sides,Cosmic Rings,Onion rings with cosmic seasoning and intergalactic sauce.,29-10-2023,66,Online
Elysium District,Desserts,Save Point Sundae,"Ice cream, hot fudge, and sprinkles with a cherry on top.",14-10-2023,134,Online
Arcadia Bay,Drinks,Mana Milkshake,A blueberry milkshake that restores your energy.,27-11-2022,29,Takeaway
Mystic Falls,Drinks,Health Potion Smoothie,A blend of red fruits with a secret energy mix.,19-09-2022,109,Takeaway
Cyber City,Burgers,Retro Reuben,"Corned beef, sauerkraut, Swiss cheese, and thousand island dressing on a rye bun.",25-03-2023,128,Takeaway
Arcadia Bay,Sides,Cosmic Rings,Onion rings with cosmic seasoning and intergalactic sauce.,01-09-2022,176,Dining
Elysium District,Sides,Cosmic Rings,Onion rings with cosmic seasoning and intergalactic sauce.,25-01-2023,60,Dining
Cyber City,Burgers,Avatar Avocado,A chicken burger with creamy avocado spread and sun-dried tomato mayo.,19-04-2022,149,Online
Mystic Falls,Burgers,Epic Stack,"A double beef patty with epic layers of crispy bacon, melted cheddar, and our secret Epic Sauce.",12-08-2022,69,Takeaway
Cyber City,Sides,Black Hole Fries,Fries with a dark garlic truffle sauce.,27-02-2023,182,Online
Neo Tokyo,Sides,Black Hole Fries,Fries with a dark garlic truffle sauce.,26-03-2023,92,Takeaway
Mystic Falls,Drinks,Health Potion Smoothie,A blend of red fruits with a secret energy mix.,12-05-2023,187,Dining
Arcadia Bay,Sides,Supernova Sweet Potato Fries,Sweet and spicy sweet potato fries with starlight mayo.,26-10-2023,142,Online
Cyber City,Desserts,Power Pellet Pops,Fruit-infused ice pops.,26-06-2023,136,Dining
Mystic Falls,Desserts,Save Point Sundae,"Ice cream, hot fudge, and sprinkles with a cherry on top.",11-03-2022,109,Online
Neo Tokyo,Desserts,Cheat Code Cookies,Cookies with chocolate chips and candies.,22-03-2022,141,Online
Mystic Falls,Burgers,Next Level Veggie,"A plant-based patty with grilled eggplant, zucchini, goat cheese, and green herb sauce.",09-09-2022,27,Takeaway
Arcadia Bay,Sides,Power-Up Fries,Seasoned fries with power-up dips.,14-01-2023,2,Online
Cyber City,Drinks,XP Soda,A range of sodas in multiple epic flavors.,13-03-2023,46,Online
Cyber City,Burgers,Avatar Avocado,A chicken burger with creamy avocado spread and sun-dried tomato mayo.,02-03-2022,44,Takeaway
Mystic Falls,Burgers,Pixel Pepperjack,"A spicy beef burger with pepperjack cheese, jalapeños, and pixelated salsa.",05-06-2023,9,Online
Neo Tokyo,Burgers,Next Level Veggie,"A plant-based patty with grilled eggplant, zucchini, goat cheese, and green herb sauce.",28-09-2023,119,Takeaway
Cyber City,Sides,Black Hole Fries,Fries with a dark garlic truffle sauce.,16-09-2022,6,Dining
Neo Tokyo,Burgers,Pixel Pepperjack,"A spicy beef burger with pepperjack cheese, jalapeños, and pixelated salsa.",11-06-2022,109,Dining
Neo Tokyo,Sides,Cosmic Rings,Onion rings with cosmic seasoning and intergalactic sauce.,19-04-2023,132,Online
Mystic Falls,Drinks,Health Potion Smoothie,A blend of red fruits with a secret energy mix.,29-10-2022,12,Online
Cyber City,Desserts,Power Pellet Pops,Fruit-infused ice pops.,07-04-2023,70,Takeaway
Mystic Falls,Desserts,Save Point Sundae,"Ice cream, hot fudge, and sprinkles with a cherry on top.",22-11-2022,196,Takeaway
Neo Tokyo,Drinks,Health Potion Smoothie,A blend of red fruits with a secret energy mix.,11-11-2022,161,Takeaway
Arcadia Bay,Desserts,Cheat Code Cookies,Cookies with chocolate chips and candies.,08-12-2021,18,Takeaway
Mystic Falls,Sides,Byte-Size Tots,Crispy tater tots with cheat-code cheese sauce.,29-04-2023,3,Takeaway
Cyber City,Drinks,Mana Milkshake,A blueberry milkshake that restores your energy.,22-11-2021,104,Online
Elysium District,Burgers,Avatar Avocado,A chicken burger with creamy avocado spread and sun-dried tomato mayo.,08-05-2022,131,Online
Cyber City,Drinks,Mana Milkshake,A blueberry milkshake that restores your energy.,24-12-2022,176,Dining
Arcadia Bay,Burgers,Next Level Veggie,"A plant-based patty with grilled eggplant, zucchini, goat cheese, and green herb sauce.",07-02-2023,41,Online
Elysium District,Sides,Cosmic Rings,Onion rings with cosmic seasoning and intergalactic sauce.,02-10-2023,126,Online
Elysium District,Burgers,Stealth Mode Mushroom,A grilled portobello cap with smoked gouda and garlic aioli.,03-05-2023,110,Takeaway
Mystic Falls,Sides,Black Hole Fries,Fries with a dark garlic truffle sauce.,04-03-2022,50,Online
Arcadia Bay,Burgers,Next Level Veggie,"A plant-based patty with grilled eggplant, zucchini, goat cheese, and green herb sauce.",22-02-2022,74,Dining
Elysium District,Desserts,Cheat Code Cookies,Cookies with chocolate chips and candies.,13-01-2023,74,Dining
Elysium District,Sides,Supernova Sweet Potato Fries,Sweet and spicy sweet potato fries with starlight mayo.,24-02-2023,147,Online
Elysium District,Drinks,XP Soda,A range of sodas in multiple epic flavors.,28-04-2022,181,Online
Cyber City,Sides,Byte-Size Tots,Crispy tater tots with cheat-code cheese sauce.,27-05-2022,59,Dining
Neo Tokyo,Burgers,Retro Reuben,"Corned beef, sauerkraut, Swiss cheese, and thousand island dressing on a rye bun.",31-05-2023,74,Dining
Elysium District,Sides,Power-Up Fries,Seasoned fries with power-up dips.,18-04-2022,28,Takeaway
Cyber City,Desserts,Cheat Code Cookies,Cookies with chocolate chips and candies.,26-07-2022,159,Online
Cyber City,Drinks,Mana Milkshake,A blueberry milkshake that restores your energy.,19-09-2023,27,Online
Mystic Falls,Desserts,Cheat Code Cookies,Cookies with chocolate chips and candies.,02-07-2022,183,Dining
Neo Tokyo,Desserts,Cheat Code Cookies,Cookies with chocolate chips and candies.,12-09-2022,169,Online
Arcadia Bay,Desserts,Power Pellet Pops,Fruit-infused ice pops.,06-08-2023,182,Dining
Arcadia Bay,Drinks,Mana Milkshake,A blueberry milkshake that restores your energy.,21-05-2023,111,Takeaway
Neo Tokyo,Burgers,Retro Reuben,"Corned beef, sauerkraut, Swiss cheese, and thousand island dressing on a rye bun.",30-05-2022,92,Dining
Mystic Falls,Drinks,XP Soda,A range of sodas in multiple epic flavors.,18-01-2022,5,Online
Cyber City,Desserts,Power Pellet Pops,Fruit-infused ice pops.,18-10-2022,93,Takeaway
Elysium District,Desserts,Cheat Code Cookies,Cookies with chocolate chips and candies.,23-01-2023,55,Dining
Elysium District,Desserts,Power Pellet Pops,Fruit-infused ice pops.,21-07-2023,181,Dining
Mystic Falls,Burgers,Retro Reuben,"Corned beef, sauerkraut, Swiss cheese, and thousand island dressing on a rye bun.",18-05-2023,91,Dining
Arcadia Bay,Burgers,Avatar Avocado,A chicken burger with creamy avocado spread and sun-dried tomato mayo.,20-04-2023,18,Dining
Cyber City,Drinks,XP Soda,A range of sodas in multiple epic flavors.,01-04-2022,77,Dining
Neo Tokyo,Drinks,XP Soda,A range of sodas in multiple epic flavors.,09-05-2023,51,Online
Cyber City,Sides,Supernova Sweet Potato Fries,Sweet and spicy sweet potato fries with starlight mayo.,28-09-2023,190,Takeaway
Neo Tokyo,Desserts,Save Point Sundae,"Ice cream, hot fudge, and sprinkles with a cherry on top.",21-01-2022,157,Online
Cyber City,Sides,Byte-Size Tots,Crispy tater tots with cheat-code cheese sauce.,24-12-2021,53,Online
Arcadia Bay,Drinks,XP Soda,A range of sodas in multiple epic flavors.,13-09-2023,107,Dining
Cyber City,Burgers,Pixel Pepperjack,"A spicy beef burger with pepperjack cheese, jalapeños, and pixelated salsa.",30-09-2023,32,Online
Mystic Falls,Sides,Byte-Size Tots,Crispy tater tots with cheat-code cheese sauce.,30-05-2023,77,Dining
Cyber City,Drinks,Mana Milkshake,A blueberry milkshake that restores your energy.,11-02-2022,157,Takeaway
Arcadia Bay,Drinks,Health Potion Smoothie,A blend of red fruits with a secret energy mix.,30-10-2023,70,Dining
Mystic Falls,Burgers,Retro Reuben,"Corned beef, sauerkraut, Swiss cheese, and thousand island dressing on a rye bun.",06-02-2023,19,Dining
Mystic Falls,Burgers,Next Level Veggie,"A plant-based patty with grilled eggplant, zucchini, goat cheese, and green herb sauce.",30-07-2022,128,Dining
Arcadia Bay,Drinks,Mana Milkshake,A blueberry milkshake that restores your energy.,11-12-2022,37,Takeaway
Mystic Falls,Drinks,Health Potion Smoothie,A blend of red fruits with a secret energy mix.,31-10-2022,182,Online
Arcadia Bay,Burgers,Next Level Veggie,"A plant-based patty with grilled eggplant, zucchini, goat cheese, and green herb sauce.",07-01-2023,100,Takeaway
Cyber City,Desserts,Power Pellet Pops,Fruit-infused ice pops.,16-03-2023,147,Online
Arcadia Bay,Drinks,Mana Milkshake,A blueberry milkshake that restores your energy.,08-09-2022,151,Online
Arcadia Bay,Drinks,XP Soda,A range of sodas in multiple epic flavors.,11-12-2022,88,Dining
Mystic Falls,Sides,Power-Up Fries,Seasoned fries with power-up dips.,12-09-2022,30,Online
Arcadia Bay,Drinks,Health Potion Smoothie,A blend of red fruits with a secret energy mix.,16-12-2021,120,Takeaway
Neo Tokyo,Desserts,Power Pellet Pops,Fruit-infused ice pops.,02-12-2022,20,Takeaway
Elysium District,Desserts,Cheat Code Cookies,Cookies with chocolate chips and candies.,07-11-2022,30,Dining
Mystic Falls,Drinks,XP Soda,A range of sodas in multiple epic flavors.,21-11-2021,1,Online
Mystic Falls,Drinks,Mana Milkshake,A blueberry milkshake that restores your energy.,10-05-2023,50,Dining
Cyber City,Desserts,Save Point Sundae,"Ice cream, hot fudge, and sprinkles with a cherry on top.",14-11-2021,32,Takeaway
Arcadia Bay,Drinks,XP Soda,A range of sodas in multiple epic flavors.,17-03-2022,44,Dining
Arcadia Bay,Drinks,Health Potion Smoothie,A blend of red fruits with a secret energy mix.,02-01-2022,185,Takeaway
Neo Tokyo,Sides,Supernova Sweet Potato Fries,Sweet and spicy sweet potato fries with starlight mayo.,20-02-2022,83,Dining
Elysium District,Burgers,Retro Reuben,"Corned beef, sauerkraut, Swiss cheese, and thousand island dressing on a rye bun.",18-04-2023,161,Online
Arcadia Bay,Drinks,Health Potion Smoothie,A blend of red fruits with a secret energy mix.,04-10-2023,14,Online
Cyber City,Drinks,Health Potion Smoothie,A blend of red fruits with a secret energy mix.,28-05-2023,52,Takeaway
Arcadia Bay,Sides,Cosmic Rings,Onion rings with cosmic seasoning and intergalactic sauce.,22-08-2022,129,Online
Neo Tokyo,Desserts,Save Point Sundae,"Ice cream, hot fudge, and sprinkles with a cherry on top.",04-12-2022,83,Takeaway
Elysium District,Burgers,Retro Reuben,"Corned beef, sauerkraut, Swiss cheese, and thousand island dressing on a rye bun.",22-08-2023,40,Takeaway
Cyber City,Desserts,Cheat Code Cookies,Cookies with chocolate chips and candies.,10-02-2022,140,Dining
Arcadia Bay,Desserts,Power Pellet Pops,Fruit-infused ice pops.,24-12-2022,120,Dining
Neo Tokyo,Drinks,XP Soda,A range of sodas in multiple epic flavors.,18-11-2022,108,Online
Mystic Falls,Sides,Power-Up Fries,Seasoned fries with power-up dips.,07-02-2023,110,Dining
Neo Tokyo,Sides,Black Hole Fries,Fries with a dark garlic truffle sauce.,11-10-2023,136,Takeaway
Mystic Falls,Desserts,Power Pellet Pops,Fruit-infused ice pops.,06-09-2022,58,Takeaway
Mystic Falls,Sides,Black Hole Fries,Fries with a dark garlic truffle sauce.,11-11-2021,164,Online
Mystic Falls,Drinks,XP Soda,A range of sodas in multiple epic flavors.,28-02-2023,49,Takeaway
Neo Tokyo,Desserts,Power Pellet Pops,Fruit-infused ice pops.,09-05-2023,145,Takeaway
Elysium District,Desserts,Power Pellet Pops,Fruit-infused ice pops.,20-03-2023,5,Takeaway
Elysium District,Sides,Power-Up Fries,Seasoned fries with power-up dips.,28-04-2023,172,Online
Cyber City,Drinks,Health Potion Smoothie,A blend of red fruits with a secret energy mix.,30-12-2022,154,Takeaway
Arcadia Bay,Desserts,Power Pellet Pops,Fruit-infused ice pops.,27-10-2022,52,Takeaway
Elysium District,Drinks,Mana Milkshake,A blueberry milkshake that restores your energy.,20-09-2022,16,Dining
Mystic Falls,Desserts,Power Pellet Pops,Fruit-infused ice pops.,05-07-2022,181,Online
Neo Tokyo,Desserts,Cheat Code Cookies,Cookies with chocolate chips and candies.,01-11-2022,51,Takeaway
Arcadia Bay,Burgers,Next Level Veggie,"A plant-based patty with grilled eggplant, zucchini, goat cheese, and green herb sauce.",22-04-2022,113,Online
Mystic Falls,Burgers,Epic Stack,"A double beef patty with epic layers of crispy bacon, melted cheddar, and our secret Epic Sauce.",21-01-2023,175,Takeaway
Cyber City,Drinks,Mana Milkshake,A blueberry milkshake that restores your energy.,27-09-2023,44,Online
Mystic Falls,Burgers,Pixel Pepperjack,"A spicy beef burger with pepperjack cheese, jalapeños, and pixelated salsa.",17-11-2021,32,Dining
Cyber City,Desserts,Power Pellet Pops,Fruit-infused ice pops.,26-09-2022,174,Takeaway
Mystic Falls,Sides,Power-Up Fries,Seasoned fries with power-up dips.,25-06-2023,111,Takeaway
Mystic Falls,Desserts,Cheat Code Cookies,Cookies with chocolate chips and candies.,19-05-2022,77,Online
Neo Tokyo,Burgers,Next Level Veggie,"A plant-based patty with grilled eggplant, zucchini, goat cheese, and green herb sauce.",22-10-2023,121,Online
Mystic Falls,Burgers,Pixel Pepperjack,"A spicy beef burger with pepperjack cheese, jalapeños, and pixelated salsa.",26-02-2023,28,Takeaway
Mystic Falls,Desserts,Save Point Sundae,"Ice cream, hot fudge, and sprinkles with a cherry on top.",09-05-2022,97,Online
Elysium District,Sides,Supernova Sweet Potato Fries,Sweet and spicy sweet potato fries with starlight mayo.,13-02-2022,78,Online
Mystic Falls,Drinks,Mana Milkshake,A blueberry milkshake that restores your energy.,29-09-2023,85,Takeaway
Mystic Falls,Sides,Cosmic Rings,Onion rings with cosmic seasoning and intergalactic sauce.,06-11-2022,64,Online
Mystic Falls,Burgers,Pixel Pepperjack,"A spicy beef burger with pepperjack cheese, jalapeños, and pixelated salsa.",18-05-2022,192,Online
Mystic Falls,Desserts,Save Point Sundae,"Ice cream, hot fudge, and sprinkles with a cherry on top.",27-07-2023,153,Takeaway
Elysium District,Drinks,XP Soda,A range of sodas in multiple epic flavors.,19-05-2022,13,Online
Mystic Falls,Sides,Black Hole Fries,Fries with a dark garlic truffle sauce.,21-10-2023,22,Takeaway
Elysium District,Burgers,Stealth Mode Mushroom,A grilled portobello cap with smoked gouda and garlic aioli.,15-05-2023,58,Online
Arcadia Bay,Sides,Quantum Fries,Seasoned fries with a secret spice blend.,21-12-2021,98,Online
Cyber City,Burgers,Retro Reuben,"Corned beef, sauerkraut, Swiss cheese, and thousand island dressing on a rye bun.",30-06-2022,150,Takeaway
Arcadia Bay,Drinks,Mana Milkshake,A blueberry milkshake that restores your energy.,31-01-2023,3,Dining
Cyber City,Sides,Supernova Sweet Potato Fries,Sweet and spicy sweet potato fries with starlight mayo.,04-01-2023,32,Online
Elysium District,Desserts,Cheat Code Cookies,Cookies with chocolate chips and candies.,29-05-2023,133,Online
Arcadia Bay,Drinks,Health Potion Smoothie,A blend of red fruits with a secret energy mix.,08-07-2022,118,Takeaway
Mystic Falls,Burgers,Stealth Mode Mushroom,A grilled portobello cap with smoked gouda and garlic aioli.,11-10-2022,79,Dining
Cyber City,Burgers,Epic Stack,"A double beef patty with epic layers of crispy bacon, melted cheddar, and our secret Epic Sauce.",21-09-2022,81,Online
Cyber City,Burgers,Pixel Pepperjack,"A spicy beef burger with pepperjack cheese, jalapeños, and pixelated salsa.",30-11-2022,108,Dining
Mystic Falls,Sides,Black Hole Fries,Fries with a dark garlic truffle sauce.,28-02-2023,22,Dining
Arcadia Bay,Desserts,Cheat Code Cookies,Cookies with chocolate chips and candies.,15-04-2023,13,Online
Neo Tokyo,Desserts,Save Point Sundae,"Ice cream, hot fudge, and sprinkles with a cherry on top.",10-02-2023,128,Dining
Elysium District,Burgers,Stealth Mode Mushroom,A grilled portobello cap with smoked gouda and garlic aioli.,28-02-2023,57,Takeaway
Arcadia Bay,Desserts,Cheat Code Cookies,Cookies with chocolate chips and candies.,17-12-2021,33,Dining
Arcadia Bay,Desserts,Power Pellet Pops,Fruit-infused ice pops.,05-12-2021,70,Online
Neo Tokyo,Sides,Quantum Fries,Seasoned fries with a secret spice blend.,14-12-2022,155,Online
Neo Tokyo,Desserts,Power Pellet Pops,Fruit-infused ice pops.,12-12-2021,141,Dining
Arcadia Bay,Burgers,Epic Stack,"A double beef patty with epic layers of crispy bacon, melted cheddar, and our secret Epic Sauce.",27-07-2023,38,Takeaway
Neo Tokyo,Sides,Power-Up Fries,Seasoned fries with power-up dips.,12-05-2023,177,Online
Cyber City,Sides,Supernova Sweet Potato Fries,Sweet and spicy sweet potato fries with starlight mayo.,25-07-2022,133,Dining
Arcadia Bay,Desserts,Cheat Code Cookies,Cookies with chocolate chips and candies.,27-10-2023,86,Takeaway
Neo Tokyo,Drinks,XP Soda,A range of sodas in multiple epic flavors.,01-05-2023,133,Dining
Neo Tokyo,Desserts,Cheat Code Cookies,Cookies with chocolate chips and candies.,09-08-2023,130,Online
Cyber City,Desserts,Power Pellet Pops,Fruit-infused ice pops.,29-10-2023,168,Online
Mystic Falls,Sides,Black Hole Fries,Fries with a dark garlic truffle sauce.,21-04-2022,95,Dining
Neo Tokyo,Desserts,Save Point Sundae,"Ice cream, hot fudge, and sprinkles with a cherry on top.",12-11-2021,89,Takeaway
Cyber City,Burgers,Epic Stack,"A double beef patty with epic layers of crispy bacon, melted cheddar, and our secret Epic Sauce.",07-10-2022,67,Dining
Elysium District,Drinks,Mana Milkshake,A blueberry milkshake that restores your energy.,19-05-2022,199,Online
Arcadia Bay,Desserts,Power Pellet Pops,Fruit-infused ice pops.,11-01-2023,167,Dining
Arcadia Bay,Burgers,Stealth Mode Mushroom,A grilled portobello cap with smoked gouda and garlic aioli.,20-01-2022,141,Online
Arcadia Bay,Sides,Cosmic Rings,Onion rings with cosmic seasoning and intergalactic sauce.,05-05-2023,61,Dining
Elysium District,Drinks,XP Soda,A range of sodas in multiple epic flavors.,09-08-2022,169,Dining
Cyber City,Drinks,Health Potion Smoothie,A blend of red fruits with a secret energy mix.,24-09-2022,192,Takeaway
Neo Tokyo,Desserts,Save Point Sundae,"Ice cream, hot fudge, and sprinkles with a cherry on top.",02-05-2022,92,Dining
Arcadia Bay,Desserts,Save Point Sundae,"Ice cream, hot fudge, and sprinkles with a cherry on top.",13-12-2022,27,Dining
Arcadia Bay,Burgers,Retro Reuben,"Corned beef, sauerkraut, Swiss cheese, and thousand island dressing on a rye bun.",28-05-2022,6,Dining
Cyber City,Sides,Black Hole Fries,Fries with a dark garlic truffle sauce.,28-01-2023,158,Dining
Cyber City,Sides,Black Hole Fries,Fries with a dark garlic truffle sauce.,21-01-2022,196,Online
Mystic Falls,Burgers,Retro Reuben,"Corned beef, sauerkraut, Swiss cheese, and thousand island dressing on a rye bun.",04-09-2023,174,Dining
Neo Tokyo,Drinks,Mana Milkshake,A blueberry milkshake that restores your energy.,08-11-2021,152,Dining
Arcadia Bay,Desserts,Power Pellet Pops,Fruit-infused ice pops.,11-07-2022,67,Dining
Elysium District,Burgers,Epic Stack,"A double beef patty with epic layers of crispy bacon, melted cheddar, and our secret Epic Sauce.",31-05-2022,38,Online
Cyber City,Sides,Byte-Size Tots,Crispy tater tots with cheat-code cheese sauce.,08-02-2023,113,Online
Elysium District,Drinks,Mana Milkshake,A blueberry milkshake that restores your energy.,15-12-2022,198,Dining
Cyber City,Drinks,Health Potion Smoothie,A blend of red fruits with a secret energy mix.,28-12-2022,92,Dining
Mystic Falls,Sides,Cosmic Rings,Onion rings with cosmic seasoning and intergalactic sauce.,22-10-2022,18,Dining
Elysium District,Sides,Byte-Size Tots,Crispy tater tots with cheat-code cheese sauce.,27-12-2021,118,Dining
Arcadia Bay,Desserts,Cheat Code Cookies,Cookies with chocolate chips and candies.,30-03-2022,109,Online
Cyber City,Sides,Supernova Sweet Potato Fries,Sweet and spicy sweet potato fries with starlight mayo.,09-09-2022,166,Takeaway
Mystic Falls,Sides,Cosmic Rings,Onion rings with cosmic seasoning and intergalactic sauce.,11-04-2022,127,Online
Elysium District,Desserts,Cheat Code Cookies,Cookies with chocolate chips and candies.,11-10-2022,77,Online
Cyber City,Burgers,Pixel Pepperjack,"A spicy beef burger with pepperjack cheese, jalapeños, and pixelated salsa.",27-12-2022,114,Online
Cyber City,Sides,Black Hole Fries,Fries with a dark garlic truffle sauce.,06-10-2023,112,Takeaway
Elysium District,Drinks,Health Potion Smoothie,A blend of red fruits with a secret energy mix.,09-08-2023,33,Takeaway
Cyber City,Desserts,Power Pellet Pops,Fruit-infused ice pops.,04-05-2023,198,Dining
Cyber City,Desserts,Save Point Sundae,"Ice cream, hot fudge, and sprinkles with a cherry on top.",24-09-2023,175,Takeaway
Elysium District,Desserts,Save Point Sundae,"Ice cream, hot fudge, and sprinkles with a cherry on top.",10-03-2022,168,Takeaway
Cyber City,Sides,Black Hole Fries,Fries with a dark garlic truffle sauce.,29-10-2023,81,Online
Mystic Falls,Drinks,Mana Milkshake,A blueberry milkshake that restores your energy.,18-03-2022,22,Takeaway
Mystic Falls,Burgers,Retro Reuben,"Corned beef, sauerkraut, Swiss cheese, and thousand island dressing on a rye bun.",11-04-2023,181,Online
Mystic Falls,Desserts,Save Point Sundae,"Ice cream, hot fudge, and sprinkles with a cherry on top.",26-11-2022,172,Online
Cyber City,Drinks,XP Soda,A range of sodas in multiple epic flavors.,20-01-2022,144,Dining
Cyber City,Sides,Cosmic Rings,Onion rings with cosmic seasoning and intergalactic sauce.,08-04-2022,138,Takeaway
Elysium District,Desserts,Save Point Sundae,"Ice cream, hot fudge, and sprinkles with a cherry on top.",13-12-2022,168,Online
Mystic Falls,Burgers,Epic Stack,"A double beef patty with epic layers of crispy bacon, melted cheddar, and our secret Epic Sauce.",20-09-2023,54,Takeaway
Cyber City,Drinks,Mana Milkshake,A blueberry milkshake that restores your energy.,02-07-2022,132,Dining
Elysium District,Sides,Cosmic Rings,Onion rings with cosmic seasoning and intergalactic sauce.,22-09-2023,122,Dining
Mystic Falls,Desserts,Power Pellet Pops,Fruit-infused ice pops.,17-09-2022,59,Online
Neo Tokyo,Desserts,Save Point Sundae,"Ice cream, hot fudge, and sprinkles with a cherry on top.",01-09-2023,180,Takeaway
Neo Tokyo,Burgers,Retro Reuben,"Corned beef, sauerkraut, Swiss cheese, and thousand island dressing on a rye bun.",05-11-2021,103,Online
Mystic Falls,Sides,Supernova Sweet Potato Fries,Sweet and spicy sweet potato fries with starlight mayo.,09-02-2022,71,Takeaway
Mystic Falls,Desserts,Save Point Sundae,"Ice cream, hot fudge, and sprinkles with a cherry on top.",27-10-2022,73,Online
Cyber City,Drinks,Mana Milkshake,A blueberry milkshake that restores your energy.,21-07-2022,180,Online
Arcadia Bay,Drinks,XP Soda,A range of sodas in multiple epic flavors.,13-09-2023,183,Dining
Elysium District,Desserts,Power Pellet Pops,Fruit-infused ice pops.,15-10-2022,67,Dining
Neo Tokyo,Burgers,Retro Reuben,"Corned beef, sauerkraut, Swiss cheese, and thousand island dressing on a rye bun.",26-09-2023,134,Takeaway
Cyber City,Drinks,Mana Milkshake,A blueberry milkshake that restores your energy.,29-06-2023,13,Dining
Arcadia Bay,Desserts,Save Point Sundae,"Ice cream, hot fudge, and sprinkles with a cherry on top.",09-12-2021,47,Takeaway
Cyber City,Sides,Power-Up Fries,Seasoned fries with power-up dips.,03-01-2023,165,Dining
Arcadia Bay,Burgers,Next Level Veggie,"A plant-based patty with grilled eggplant, zucchini, goat cheese, and green herb sauce.",20-05-2022,14,Dining
Neo Tokyo,Burgers,Epic Stack,"A double beef patty with epic layers of crispy bacon, melted cheddar, and our secret Epic Sauce.",05-05-2023,15,Takeaway
Arcadia Bay,Sides,Power-Up Fries,Seasoned fries with power-up dips.,17-08-2023,58,Online
Neo Tokyo,Desserts,Cheat Code Cookies,Cookies with chocolate chips and candies.,28-03-2023,31,Online
Neo Tokyo,Burgers,Avatar Avocado,A chicken burger with creamy avocado spread and sun-dried tomato mayo.,12-08-2022,171,Online
Cyber City,Drinks,Mana Milkshake,A blueberry milkshake that restores your energy.,17-11-2021,91,Takeaway
Arcadia Bay,Drinks,Mana Milkshake,A blueberry milkshake that restores your energy.,31-07-2022,179,Online
Cyber City,Desserts,Power Pellet Pops,Fruit-infused ice pops.,21-04-2022,165,Takeaway
Cyber City,Drinks,XP Soda,A range of sodas in multiple epic flavors.,05-12-2021,183,Takeaway
Neo Tokyo,Sides,Cosmic Rings,Onion rings with cosmic seasoning and intergalactic sauce.,30-08-2023,117,Takeaway
Cyber City,Burgers,Pixel Pepperjack,"A spicy beef burger with pepperjack cheese, jalapeños, and pixelated salsa.",14-04-2023,13,Takeaway
Mystic Falls,Burgers,Epic Stack,"A double beef patty with epic layers of crispy bacon, melted cheddar, and our secret Epic Sauce.",08-03-2022,55,Dining
Elysium District,Sides,Cosmic Rings,Onion rings with cosmic seasoning and intergalactic sauce.,26-10-2023,197,Takeaway
Arcadia Bay,Sides,Black Hole Fries,Fries with a dark garlic truffle sauce.,14-06-2022,53,Online
Elysium District,Sides,Quantum Fries,Seasoned fries with a secret spice blend.,13-12-2021,110,Dining
Mystic Falls,Drinks,XP Soda,A range of sodas in multiple epic flavors.,03-03-2022,165,Online
Elysium District,Sides,Power-Up Fries,Seasoned fries with power-up dips.,20-08-2023,125,Online
Neo Tokyo,Burgers,Avatar Avocado,A chicken burger with creamy avocado spread and sun-dried tomato mayo.,06-12-2021,130,Online
Mystic Falls,Desserts,Cheat Code Cookies,Cookies with chocolate chips and candies.,01-05-2022,184,Dining
Neo Tokyo,Sides,Quantum Fries,Seasoned fries with a secret spice blend.,21-12-2022,165,Takeaway
Elysium District,Sides,Supernova Sweet Potato Fries,Sweet and spicy sweet potato fries with starlight mayo.,06-04-2022,186,Takeaway
Elysium District,Drinks,XP Soda,A range of sodas in multiple epic flavors.,10-09-2023,59,Dining
Cyber City,Sides,Black Hole Fries,Fries with a dark garlic truffle sauce.,05-11-2021,155,Takeaway
Cyber City,Burgers,Next Level Veggie,"A plant-based patty with grilled eggplant, zucchini, goat cheese, and green herb sauce.",22-08-2023,152,Online
Arcadia Bay,Burgers,Pixel Pepperjack,"A spicy beef burger with pepperjack cheese, jalapeños, and pixelated salsa.",09-12-2021,3,Dining
Neo Tokyo,Desserts,Save Point Sundae,"Ice cream, hot fudge, and sprinkles with a cherry on top.",12-12-2022,184,Dining
Elysium District,Sides,Byte-Size Tots,Crispy tater tots with cheat-code cheese sauce.,27-04-2023,59,Online
Elysium District,Burgers,Stealth Mode Mushroom,A grilled portobello cap with smoked gouda and garlic aioli.,24-04-2023,55,Dining
Elysium District,Drinks,Mana Milkshake,A blueberry milkshake that restores your energy.,10-06-2023,158,Online
Cyber City,Sides,Power-Up Fries,Seasoned fries with power-up dips.,12-10-2023,113,Takeaway
Cyber City,Drinks,Health Potion Smoothie,A blend of red fruits with a secret energy mix.,24-02-2022,27,Dining
Neo Tokyo,Sides,Supernova Sweet Potato Fries,Sweet and spicy sweet potato fries with starlight mayo.,18-01-2022,109,Online
Mystic Falls,Sides,Cosmic Rings,Onion rings with cosmic seasoning and intergalactic sauce.,30-06-2023,24,Dining
Arcadia Bay,Sides,Supernova Sweet Potato Fries,Sweet and spicy sweet potato fries with starlight mayo.,07-11-2021,139,Takeaway
Cyber City,Sides,Quantum Fries,Seasoned fries with a secret spice blend.,30-08-2022,117,Dining
Neo Tokyo,Burgers,Next Level Veggie,"A plant-based patty with grilled eggplant, zucchini, goat cheese, and green herb sauce.",02-11-2021,155,Online
Arcadia Bay,Burgers,Avatar Avocado,A chicken burger with creamy avocado spread and sun-dried tomato mayo.,07-11-2021,138,Online
Neo Tokyo,Desserts,Power Pellet Pops,Fruit-infused ice pops.,08-04-2023,92,Takeaway
Cyber City,Sides,Byte-Size Tots,Crispy tater tots with cheat-code cheese sauce.,09-01-2022,38,Online
Arcadia Bay,Sides,Byte-Size Tots,Crispy tater tots with cheat-code cheese sauce.,22-07-2022,68,Dining
Arcadia Bay,Desserts,Save Point Sundae,"Ice cream, hot fudge, and sprinkles with a cherry on top.",31-10-2023,67,Online
Cyber City,Drinks,Health Potion Smoothie,A blend of red fruits with a secret energy mix.,17-09-2022,52,Online
Mystic Falls,Burgers,Next Level Veggie,"A plant-based patty with grilled eggplant, zucchini, goat cheese, and green herb sauce.",12-05-2022,79,Dining
Elysium District,Burgers,Retro Reuben,"Corned beef, sauerkraut, Swiss cheese, and thousand island dressing on a rye bun.",21-12-2021,40,Takeaway
Elysium District,Burgers,Pixel Pepperjack,"A spicy beef burger with pepperjack cheese, jalapeños, and pixelated salsa.",16-02-2023,141,Online
Cyber City,Burgers,Pixel Pepperjack,"A spicy beef burger with pepperjack cheese, jalapeños, and pixelated salsa.",06-11-2022,199,Takeaway
Cyber City,Sides,Power-Up Fries,Seasoned fries with power-up dips.,09-04-2023,64,Dining
Mystic Falls,Drinks,XP Soda,A range of sodas in multiple epic flavors.,27-05-2023,181,Dining
Elysium District,Desserts,Cheat Code Cookies,Cookies with chocolate chips and candies.,10-12-2021,91,Takeaway
Elysium District,Drinks,XP Soda,A range of sodas in multiple epic flavors.,01-08-2023,160,Takeaway
Elysium District,Desserts,Cheat Code Cookies,Cookies with chocolate chips and candies.,09-10-2022,155,Online
Elysium District,Desserts,Save Point Sundae,"Ice cream, hot fudge, and sprinkles with a cherry on top.",27-12-2022,159,Takeaway
Cyber City,Drinks,Health Potion Smoothie,A blend of red fruits with a secret energy mix.,06-01-2023,143,Dining
Elysium District,Drinks,XP Soda,A range of sodas in multiple epic flavors.,29-01-2023,68,Takeaway
Arcadia Bay,Desserts,Power Pellet Pops,Fruit-infused ice pops.,27-08-2022,98,Online
Elysium District,Desserts,Save Point Sundae,"Ice cream, hot fudge, and sprinkles with a cherry on top.",25-03-2022,154,Online
Elysium District,Burgers,Next Level Veggie,"A plant-based patty with grilled eggplant, zucchini, goat cheese, and green herb sauce.",27-06-2023,196,Dining
Mystic Falls,Drinks,Health Potion Smoothie,A blend of red fruits with a secret energy mix.,25-03-2022,129,Dining
Elysium District,Sides,Byte-Size Tots,Crispy tater tots with cheat-code cheese sauce.,04-12-2021,137,Dining
Arcadia Bay,Drinks,Health Potion Smoothie,A blend of red fruits with a secret energy mix.,22-08-2022,52,Takeaway
Neo Tokyo,Desserts,Power Pellet Pops,Fruit-infused ice pops.,21-08-2023,68,Dining
Mystic Falls,Drinks,Mana Milkshake,A blueberry milkshake that restores your energy.,19-02-2023,172,Dining
Elysium District,Burgers,Avatar Avocado,A chicken burger with creamy avocado spread and sun-dried tomato mayo.,15-10-2023,40,Online
Cyber City,Sides,Byte-Size Tots,Crispy tater tots with cheat-code cheese sauce.,21-07-2023,33,Online
Arcadia Bay,Drinks,Mana Milkshake,A blueberry milkshake that restores your energy.,23-03-2022,139,Online
Mystic Falls,Burgers,Next Level Veggie,"A plant-based patty with grilled eggplant, zucchini, goat cheese, and green herb sauce.",17-03-2022,125,Online
Mystic Falls,Desserts,Cheat Code Cookies,Cookies with chocolate chips and candies.,01-06-2022,189,Dining
Elysium District,Burgers,Next Level Veggie,"A plant-based patty with grilled eggplant, zucchini, goat cheese, and green herb sauce.",09-07-2022,47,Dining
Mystic Falls,Desserts,Power Pellet Pops,Fruit-infused ice pops.,17-12-2021,52,Dining
Neo Tokyo,Desserts,Save Point Sundae,"Ice cream, hot fudge, and sprinkles with a cherry on top.",04-08-2023,187,Takeaway
Mystic Falls,Desserts,Cheat Code Cookies,Cookies with chocolate chips and candies.,08-06-2022,59,Dining
Neo Tokyo,Burgers,Avatar Avocado,A chicken burger with creamy avocado spread and sun-dried tomato mayo.,03-03-2023,125,Online
Mystic Falls,Sides,Power-Up Fries,Seasoned fries with power-up dips.,23-01-2022,163,Takeaway
Cyber City,Desserts,Power Pellet Pops,Fruit-infused ice pops.,30-11-2022,17,Dining
Arcadia Bay,Desserts,Save Point Sundae,"Ice cream, hot fudge, and sprinkles with a cherry on top.",15-05-2023,49,Online
Mystic Falls,Sides,Power-Up Fries,Seasoned fries with power-up dips.,26-11-2021,74,Online
Neo Tokyo,Desserts,Save Point Sundae,"Ice cream, hot fudge, and sprinkles with a cherry on top.",23-12-2021,163,Online
Neo Tokyo,Sides,Supernova Sweet Potato Fries,Sweet and spicy sweet potato fries with starlight mayo.,09-04-2023,45,Online
Neo Tokyo,Drinks,Health Potion Smoothie,A blend of red fruits with a secret energy mix.,17-08-2022,196,Dining
Neo Tokyo,Sides,Power-Up Fries,Seasoned fries with power-up dips.,29-07-2023,83,Online
Neo Tokyo,Desserts,Power Pellet Pops,Fruit-infused ice pops.,22-01-2023,75,Takeaway
Mystic Falls,Desserts,Save Point Sundae,"Ice cream, hot fudge, and sprinkles with a cherry on top.",09-02-2022,180,Takeaway
Elysium District,Drinks,Health Potion Smoothie,A blend of red fruits with a secret energy mix.,24-07-2022,147,Online
Cyber City,Drinks,Health Potion Smoothie,A blend of red fruits with a secret energy mix.,20-02-2022,73,Online
Cyber City,Burgers,Pixel Pepperjack,"A spicy beef burger with pepperjack cheese, jalapeños, and pixelated salsa.",19-10-2022,191,Takeaway
Cyber City,Drinks,Mana Milkshake,A blueberry milkshake that restores your energy.,03-09-2023,155,Dining
Arcadia Bay,Burgers,Next Level Veggie,"A plant-based patty with grilled eggplant, zucchini, goat cheese, and green herb sauce.",30-05-2023,11,Dining
Neo Tokyo,Drinks,XP Soda,A range of sodas in multiple epic flavors.,26-09-2023,165,Dining
Neo Tokyo,Burgers,Stealth Mode Mushroom,A grilled portobello cap with smoked gouda and garlic aioli.,29-07-2022,107,Dining
Arcadia Bay,Burgers,Next Level Veggie,"A plant-based patty with grilled eggplant, zucchini, goat cheese, and green herb sauce.",09-06-2022,180,Takeaway
Elysium District,Burgers,Retro Reuben,"Corned beef, sauerkraut, Swiss cheese, and thousand island dressing on a rye bun.",26-01-2022,145,Takeaway
Cyber City,Sides,Quantum Fries,Seasoned fries with a secret spice blend.,03-08-2023,147,Dining
Mystic Falls,Drinks,XP Soda,A range of sodas in multiple epic flavors.,24-11-2021,153,Online
Cyber City,Burgers,Avatar Avocado,A chicken burger with creamy avocado spread and sun-dried tomato mayo.,02-07-2022,126,Online
Neo Tokyo,Drinks,Mana Milkshake,A blueberry milkshake that restores your energy.,15-04-2022,21,Dining
Mystic Falls,Burgers,Epic Stack,"A double beef patty with epic layers of crispy bacon, melted cheddar, and our secret Epic Sauce.",24-04-2022,99,Dining
Neo Tokyo,Sides,Black Hole Fries,Fries with a dark garlic truffle sauce.,13-06-2022,24,Online
Arcadia Bay,Burgers,Next Level Veggie,"A plant-based patty with grilled eggplant, zucchini, goat cheese, and green herb sauce.",15-09-2023,17,Dining
Elysium District,Sides,Black Hole Fries,Fries with a dark garlic truffle sauce.,17-10-2023,62,Online
Arcadia Bay,Desserts,Power Pellet Pops,Fruit-infused ice pops.,12-11-2021,63,Takeaway
Elysium District,Desserts,Power Pellet Pops,Fruit-infused ice pops.,24-11-2021,136,Dining
Elysium District,Drinks,XP Soda,A range of sodas in multiple epic flavors.,17-12-2022,160,Dining
Elysium District,Drinks,Mana Milkshake,A blueberry milkshake that restores your energy.,15-03-2022,14,Dining
Mystic Falls,Desserts,Cheat Code Cookies,Cookies with chocolate chips and candies.,29-08-2023,129,Takeaway
Elysium District,Sides,Byte-Size Tots,Crispy tater tots with cheat-code cheese sauce.,02-09-2023,185,Dining
Elysium District,Desserts,Cheat Code Cookies,Cookies with chocolate chips and candies.,02-01-2022,147,Dining
Arcadia Bay,Burgers,Retro Reuben,"Corned beef, sauerkraut, Swiss cheese, and thousand island dressing on a rye bun.",15-11-2021,105,Dining
Elysium District,Sides,Supernova Sweet Potato Fries,Sweet and spicy sweet potato fries with starlight mayo.,23-02-2023,92,Online
Mystic Falls,Sides,Quantum Fries,Seasoned fries with a secret spice blend.,03-11-2021,65,Dining
Mystic Falls,Drinks,XP Soda,A range of sodas in multiple epic flavors.,11-09-2023,117,Dining
Elysium District,Burgers,Avatar Avocado,A chicken burger with creamy avocado spread and sun-dried tomato mayo.,26-10-2023,22,Online
Arcadia Bay,Burgers,Retro Reuben,"Corned beef, sauerkraut, Swiss cheese, and thousand island dressing on a rye bun.",26-05-2023,181,Dining
Cyber City,Desserts,Cheat Code Cookies,Cookies with chocolate chips and candies.,26-05-2023,97,Takeaway
Elysium District,Sides,Power-Up Fries,Seasoned fries with power-up dips.,28-04-2023,18,Dining
Mystic Falls,Sides,Quantum Fries,Seasoned fries with a secret spice blend.,23-08-2022,8,Online
Elysium District,Desserts,Save Point Sundae,"Ice cream, hot fudge, and sprinkles with a cherry on top.",05-01-2023,23,Online
Cyber City,Burgers,Pixel Pepperjack,"A spicy beef burger with pepperjack cheese, jalapeños, and pixelated salsa.",08-08-2023,188,Dining
Elysium District,Desserts,Power Pellet Pops,Fruit-infused ice pops.,02-12-2022,130,Online
Arcadia Bay,Burgers,Next Level Veggie,"A plant-based patty with grilled eggplant, zucchini, goat cheese, and green herb sauce.",01-01-2022,59,Dining
Neo Tokyo,Drinks,Health Potion Smoothie,A blend of red fruits with a secret energy mix.,12-03-2023,28,Dining
Mystic Falls,Sides,Byte-Size Tots,Crispy tater tots with cheat-code cheese sauce.,07-12-2021,167,Dining
Cyber City,Drinks,Health Potion Smoothie,A blend of red fruits with a secret energy mix.,10-02-2023,142,Dining
Cyber City,Burgers,Retro Reuben,"Corned beef, sauerkraut, Swiss cheese, and thousand island dressing on a rye bun.",27-09-2023,108,Online
Cyber City,Sides,Quantum Fries,Seasoned fries with a secret spice blend.,02-11-2022,164,Takeaway
Neo Tokyo,Sides,Power-Up Fries,Seasoned fries with power-up dips.,16-09-2023,86,Dining
Mystic Falls,Desserts,Power Pellet Pops,Fruit-infused ice pops.,28-11-2021,12,Dining
Elysium District,Sides,Quantum Fries,Seasoned fries with a secret spice blend.,24-12-2021,121,Dining
Mystic Falls,Burgers,Epic Stack,"A double beef patty with epic layers of crispy bacon, melted cheddar, and our secret Epic Sauce.",25-01-2023,54,Dining
Neo Tokyo,Sides,Quantum Fries,Seasoned fries with a secret spice blend.,07-12-2021,42,Dining
Elysium District,Drinks,XP Soda,A range of sodas in multiple epic flavors.,07-09-2022,62,Online
Arcadia Bay,Burgers,Next Level Veggie,"A plant-based patty with grilled eggplant, zucchini, goat cheese, and green herb sauce.",08-05-2022,69,Dining
Neo Tokyo,Drinks,Health Potion Smoothie,A blend of red fruits with a secret energy mix.,14-09-2023,8,Takeaway
Cyber City,Desserts,Cheat Code Cookies,Cookies with chocolate chips and candies.,16-01-2022,154,Dining
Mystic Falls,Sides,Byte-Size Tots,Crispy tater tots with cheat-code cheese sauce.,23-10-2022,15,Takeaway
Neo Tokyo,Burgers,Next Level Veggie,"A plant-based patty with grilled eggplant, zucchini, goat cheese, and green herb sauce.",20-05-2022,141,Takeaway
Cyber City,Drinks,Mana Milkshake,A blueberry milkshake that restores your energy.,18-05-2023,65,Online
Neo Tokyo,Sides,Byte-Size Tots,Crispy tater tots with cheat-code cheese sauce.,01-04-2022,58,Online
Elysium District,Desserts,Cheat Code Cookies,Cookies with chocolate chips and candies.,29-10-2023,143,Dining
Mystic Falls,Sides,Cosmic Rings,Onion rings with cosmic seasoning and intergalactic sauce.,27-07-2022,145,Dining
Arcadia Bay,Drinks,Mana Milkshake,A blueberry milkshake that restores your energy.,24-06-2022,175,Online
Elysium District,Drinks,Health Potion Smoothie,A blend of red fruits with a secret energy mix.,18-11-2021,117,Takeaway
Mystic Falls,Sides,Quantum Fries,Seasoned fries with a secret spice blend.,14-06-2022,35,Dining
Neo Tokyo,Drinks,Health Potion Smoothie,A blend of red fruits with a secret energy mix.,05-06-2022,2,Dining
Cyber City,Desserts,Save Point Sundae,"Ice cream, hot fudge, and sprinkles with a cherry on top.",25-04-2022,23,Dining
Neo Tokyo,Burgers,Stealth Mode Mushroom,A grilled portobello cap with smoked gouda and garlic aioli.,02-12-2021,38,Takeaway
Mystic Falls,Desserts,Save Point Sundae,"Ice cream, hot fudge, and sprinkles with a cherry on top.",19-11-2021,196,Online
Mystic Falls,Drinks,XP Soda,A range of sodas in multiple epic flavors.,19-09-2023,135,Takeaway
Cyber City,Desserts,Save Point Sundae,"Ice cream, hot fudge, and sprinkles with a cherry on top.",12-08-2023,106,Takeaway
Mystic Falls,Sides,Cosmic Rings,Onion rings with cosmic seasoning and intergalactic sauce.,08-06-2022,197,Takeaway
Cyber City,Burgers,Pixel Pepperjack,"A spicy beef burger with pepperjack cheese, jalapeños, and pixelated salsa.",18-02-2022,4,Takeaway
Cyber City,Drinks,Mana Milkshake,A blueberry milkshake that restores your energy.,20-04-2023,39,Takeaway
Cyber City,Sides,Byte-Size Tots,Crispy tater tots with cheat-code cheese sauce.,11-11-2022,5,Online
Elysium District,Drinks,XP Soda,A range of sodas in multiple epic flavors.,08-01-2023,191,Dining
Elysium District,Drinks,Mana Milkshake,A blueberry milkshake that restores your energy.,10-12-2021,118,Dining
Elysium District,Sides,Black Hole Fries,Fries with a dark garlic truffle sauce.,24-08-2022,54,Takeaway
Arcadia Bay,Drinks,Mana Milkshake,A blueberry milkshake that restores your energy.,25-09-2023,131,Takeaway
Arcadia Bay,Desserts,Save Point Sundae,"Ice cream, hot fudge, and sprinkles with a cherry on top.",20-02-2022,93,Dining
Arcadia Bay,Burgers,Next Level Veggie,"A plant-based patty with grilled eggplant, zucchini, goat cheese, and green herb sauce.",20-09-2023,76,Online
Arcadia Bay,Burgers,Next Level Veggie,"A plant-based patty with grilled eggplant, zucchini, goat cheese, and green herb sauce.",29-03-2023,130,Online
Elysium District,Burgers,Retro Reuben,"Corned beef, sauerkraut, Swiss cheese, and thousand island dressing on a rye bun.",26-11-2022,158,Online
Elysium District,Sides,Black Hole Fries,Fries with a dark garlic truffle sauce.,04-05-2022,52,Online
Cyber City,Drinks,Mana Milkshake,A blueberry milkshake that restores your energy.,28-03-2023,81,Online
Arcadia Bay,Desserts,Save Point Sundae,"Ice cream, hot fudge, and sprinkles with a cherry on top.",19-06-2023,44,Takeaway
Cyber City,Drinks,Health Potion Smoothie,A blend of red fruits with a secret energy mix.,12-04-2022,192,Dining
Neo Tokyo,Desserts,Cheat Code Cookies,Cookies with chocolate chips and candies.,06-05-2022,152,Takeaway
Arcadia Bay,Drinks,XP Soda,A range of sodas in multiple epic flavors.,17-07-2023,129,Online
Neo Tokyo,Desserts,Cheat Code Cookies,Cookies with chocolate chips and candies.,29-04-2022,72,Dining
Elysium District,Desserts,Save Point Sundae,"Ice cream, hot fudge, and sprinkles with a cherry on top.",05-11-2022,137,Takeaway
Cyber City,Burgers,Stealth Mode Mushroom,A grilled portobello cap with smoked gouda and garlic aioli.,18-11-2022,196,Takeaway
Neo Tokyo,Drinks,Health Potion Smoothie,A blend of red fruits with a secret energy mix.,08-06-2023,33,Takeaway
Elysium District,Drinks,XP Soda,A range of sodas in multiple epic flavors.,30-11-2022,42,Online
Mystic Falls,Burgers,Pixel Pepperjack,"A spicy beef burger with pepperjack cheese, jalapeños, and pixelated salsa.",27-01-2022,185,Dining
Arcadia Bay,Desserts,Cheat Code Cookies,Cookies with chocolate chips and candies.,12-06-2022,158,Takeaway
Mystic Falls,Desserts,Cheat Code Cookies,Cookies with chocolate chips and candies.,25-09-2022,23,Takeaway
Arcadia Bay,Sides,Quantum Fries,Seasoned fries with a secret spice blend.,26-07-2023,30,Takeaway
Arcadia Bay,Desserts,Save Point Sundae,"Ice cream, hot fudge, and sprinkles with a cherry on top.",17-01-2023,138,Takeaway
Cyber City,Desserts,Cheat Code Cookies,Cookies with chocolate chips and candies.,12-07-2023,95,Online
Elysium District,Desserts,Cheat Code Cookies,Cookies with chocolate chips and candies.,26-02-2023,99,Takeaway
Elysium District,Desserts,Power Pellet Pops,Fruit-infused ice pops.,17-07-2023,6,Online
Cyber City,Drinks,Health Potion Smoothie,A blend of red fruits with a secret energy mix.,04-05-2022,114,Online
Neo Tokyo,Sides,Quantum Fries,Seasoned fries with a secret spice blend.,07-02-2023,143,Online
Arcadia Bay,Sides,Power-Up Fries,Seasoned fries with power-up dips.,31-05-2022,66,Takeaway
Elysium District,Desserts,Cheat Code Cookies,Cookies with chocolate chips and candies.,02-08-2022,124,Online
Arcadia Bay,Burgers,Next Level Veggie,"A plant-based patty with grilled eggplant, zucchini, goat cheese, and green herb sauce.",20-03-2023,143,Online
Mystic Falls,Desserts,Power Pellet Pops,Fruit-infused ice pops.,27-12-2022,12,Takeaway
Cyber City,Sides,Power-Up Fries,Seasoned fries with power-up dips.,06-05-2022,57,Takeaway
Arcadia Bay,Sides,Cosmic Rings,Onion rings with cosmic seasoning and intergalactic sauce.,26-11-2021,153,Dining
Elysium District,Sides,Power-Up Fries,Seasoned fries with power-up dips.,22-11-2021,141,Online
Neo Tokyo,Desserts,Cheat Code Cookies,Cookies with chocolate chips and candies.,18-09-2023,133,Takeaway
Arcadia Bay,Drinks,XP Soda,A range of sodas in multiple epic flavors.,03-01-2023,178,Online
Mystic Falls,Desserts,Save Point Sundae,"Ice cream, hot fudge, and sprinkles with a cherry on top.",24-12-2022,186,Takeaway
Cyber City,Sides,Quantum Fries,Seasoned fries with a secret spice blend.,24-09-2023,139,Online
Cyber City,Drinks,Mana Milkshake,A blueberry milkshake that restores your energy.,18-06-2022,135,Online
Mystic Falls,Drinks,XP Soda,A range of sodas in multiple epic flavors.,16-03-2022,162,Dining
Cyber City,Burgers,Retro Reuben,"Corned beef, sauerkraut, Swiss cheese, and thousand island dressing on a rye bun.",21-12-2022,58,Takeaway
Mystic Falls,Sides,Cosmic Rings,Onion rings with cosmic seasoning and intergalactic sauce.,22-12-2021,73,Takeaway
Neo Tokyo,Drinks,XP Soda,A range of sodas in multiple epic flavors.,29-06-2022,78,Online
Cyber City,Drinks,Mana Milkshake,A blueberry milkshake that restores your energy.,01-01-2023,195,Takeaway
Mystic Falls,Burgers,Retro Reuben,"Corned beef, sauerkraut, Swiss cheese, and thousand island dressing on a rye bun.",18-04-2022,164,Takeaway
Arcadia Bay,Desserts,Power Pellet Pops,Fruit-infused ice pops.,22-01-2022,102,Online
Arcadia Bay,Drinks,Mana Milkshake,A blueberry milkshake that restores your energy.,10-06-2023,85,Online
Elysium District,Desserts,Save Point Sundae,"Ice cream, hot fudge, and sprinkles with a cherry on top.",29-09-2022,170,Dining
Mystic Falls,Drinks,Mana Milkshake,A blueberry milkshake that restores your energy.,11-06-2022,117,Takeaway
Mystic Falls,Sides,Power-Up Fries,Seasoned fries with power-up dips.,03-06-2023,110,Online
Cyber City,Desserts,Save Point Sundae,"Ice cream, hot fudge, and sprinkles with a cherry on top.",19-01-2022,122,Online
Neo Tokyo,Burgers,Stealth Mode Mushroom,A grilled portobello cap with smoked gouda and garlic aioli.,19-04-2023,5,Online
Cyber City,Drinks,Mana Milkshake,A blueberry milkshake that restores your energy.,02-08-2022,31,Dining
Cyber City,Sides,Quantum Fries,Seasoned fries with a secret spice blend.,29-04-2023,141,Dining
Elysium District,Sides,Cosmic Rings,Onion rings with cosmic seasoning and intergalactic sauce.,30-09-2023,154,Online
Neo Tokyo,Desserts,Save Point Sundae,"Ice cream, hot fudge, and sprinkles with a cherry on top.",22-02-2023,90,Online
Cyber City,Desserts,Save Point Sundae,"Ice cream, hot fudge, and sprinkles with a cherry on top.",31-08-2022,108,Takeaway
Arcadia Bay,Desserts,Save Point Sundae,"Ice cream, hot fudge, and sprinkles with a cherry on top.",26-02-2023,98,Dining
Neo Tokyo,Drinks,Mana Milkshake,A blueberry milkshake that restores your energy.,01-10-2023,91,Online
Cyber City,Drinks,Mana Milkshake,A blueberry milkshake that restores your energy.,01-06-2023,75,Takeaway
Elysium District,Burgers,Pixel Pepperjack,"A spicy beef burger with pepperjack cheese, jalapeños, and pixelated salsa.",16-08-2022,186,Dining
Mystic Falls,Desserts,Cheat Code Cookies,Cookies with chocolate chips and candies.,03-12-2021,170,Takeaway
Neo Tokyo,Burgers,Next Level Veggie,"A plant-based patty with grilled eggplant, zucchini, goat cheese, and green herb sauce.",03-11-2022,161,Dining
Elysium District,Drinks,Health Potion Smoothie,A blend of red fruits with a secret energy mix.,05-04-2023,87,Dining
Mystic Falls,Sides,Supernova Sweet Potato Fries,Sweet and spicy sweet potato fries with starlight mayo.,16-04-2022,123,Takeaway
Mystic Falls,Burgers,Pixel Pepperjack,"A spicy beef burger with pepperjack cheese, jalapeños, and pixelated salsa.",07-03-2022,157,Online
Mystic Falls,Burgers,Pixel Pepperjack,"A spicy beef burger with pepperjack cheese, jalapeños, and pixelated salsa.",01-04-2023,96,Dining
Elysium District,Sides,Black Hole Fries,Fries with a dark garlic truffle sauce.,14-05-2022,116,Dining
Elysium District,Drinks,Mana Milkshake,A blueberry milkshake that restores your energy.,06-01-2022,181,Online
Cyber City,Desserts,Save Point Sundae,"Ice cream, hot fudge, and sprinkles with a cherry on top.",12-09-2022,164,Online
Neo Tokyo,Sides,Black Hole Fries,Fries with a dark garlic truffle sauce.,09-09-2022,28,Takeaway
Neo Tokyo,Sides,Quantum Fries,Seasoned fries with a secret spice blend.,18-11-2021,46,Takeaway
Arcadia Bay,Drinks,Mana Milkshake,A blueberry milkshake that restores your energy.,14-11-2022,25,Dining
Mystic Falls,Burgers,Epic Stack,"A double beef patty with epic layers of crispy bacon, melted cheddar, and our secret Epic Sauce.",24-04-2023,95,Takeaway
Cyber City,Desserts,Save Point Sundae,"Ice cream, hot fudge, and sprinkles with a cherry on top.",24-02-2023,88,Takeaway
Elysium District,Sides,Quantum Fries,Seasoned fries with a secret spice blend.,10-08-2022,113,Online
Arcadia Bay,Desserts,Save Point Sundae,"Ice cream, hot fudge, and sprinkles with a cherry on top.",22-11-2021,167,Takeaway
Arcadia Bay,Burgers,Next Level Veggie,"A plant-based patty with grilled eggplant, zucchini, goat cheese, and green herb sauce.",04-12-2021,189,Takeaway
Mystic Falls,Sides,Quantum Fries,Seasoned fries with a secret spice blend.,23-11-2021,160,Takeaway
Cyber City,Sides,Black Hole Fries,Fries with a dark garlic truffle sauce.,02-02-2023,155,Takeaway
Elysium District,Drinks,Health Potion Smoothie,A blend of red fruits with a secret energy mix.,27-10-2023,81,Takeaway
Neo Tokyo,Drinks,Health Potion Smoothie,A blend of red fruits with a secret energy mix.,29-05-2023,59,Dining
Arcadia Bay,Sides,Byte-Size Tots,Crispy tater tots with cheat-code cheese sauce.,08-05-2022,37,Online
Neo Tokyo,Sides,Power-Up Fries,Seasoned fries with power-up dips.,06-08-2022,44,Dining
Cyber City,Sides,Byte-Size Tots,Crispy tater tots with cheat-code cheese sauce.,04-02-2023,80,Takeaway
Elysium District,Sides,Supernova Sweet Potato Fries,Sweet and spicy sweet potato fries with starlight mayo.,20-09-2022,59,Takeaway
Cyber City,Burgers,Next Level Veggie,"A plant-based patty with grilled eggplant, zucchini, goat cheese, and green herb sauce.",28-05-2022,105,Takeaway
Elysium District,Desserts,Cheat Code Cookies,Cookies with chocolate chips and candies.,11-04-2022,98,Dining
Arcadia Bay,Drinks,XP Soda,A range of sodas in multiple epic flavors.,10-12-2022,66,Takeaway
Arcadia Bay,Desserts,Power Pellet Pops,Fruit-infused ice pops.,22-01-2022,113,Online
Arcadia Bay,Sides,Black Hole Fries,Fries with a dark garlic truffle sauce.,07-04-2022,83,Takeaway
Neo Tokyo,Desserts,Save Point Sundae,"Ice cream, hot fudge, and sprinkles with a cherry on top.",03-12-2022,83,Dining
Elysium District,Sides,Cosmic Rings,Onion rings with cosmic seasoning and intergalactic sauce.,13-11-2022,82,Dining
Elysium District,Sides,Quantum Fries,Seasoned fries with a secret spice blend.,12-04-2022,8,Takeaway
Arcadia Bay,Drinks,Health Potion Smoothie,A blend of red fruits with a secret energy mix.,17-01-2022,104,Takeaway
Elysium District,Desserts,Save Point Sundae,"Ice cream, hot fudge, and sprinkles with a cherry on top.",11-11-2021,158,Takeaway
Arcadia Bay,Drinks,Health Potion Smoothie,A blend of red fruits with a secret energy mix.,19-01-2022,133,Online
Mystic Falls,Burgers,Avatar Avocado,A chicken burger with creamy avocado spread and sun-dried tomato mayo.,06-05-2023,116,Online
Elysium District,Desserts,Power Pellet Pops,Fruit-infused ice pops.,15-05-2023,182,Takeaway
Arcadia Bay,Desserts,Power Pellet Pops,Fruit-infused ice pops.,11-07-2023,56,Online
Mystic Falls,Drinks,Health Potion Smoothie,A blend of red fruits with a secret energy mix.,21-06-2023,110,Dining
Neo Tokyo,Desserts,Power Pellet Pops,Fruit-infused ice pops.,20-12-2021,172,Dining
Elysium District,Desserts,Cheat Code Cookies,Cookies with chocolate chips and candies.,30-01-2022,84,Dining
Mystic Falls,Drinks,XP Soda,A range of sodas in multiple epic flavors.,18-08-2023,52,Takeaway
Cyber City,Desserts,Save Point Sundae,"Ice cream, hot fudge, and sprinkles with a cherry on top.",19-01-2023,121,Dining
Mystic Falls,Desserts,Save Point Sundae,"Ice cream, hot fudge, and sprinkles with a cherry on top.",28-01-2023,144,Dining
Elysium District,Burgers,Epic Stack,"A double beef patty with epic layers of crispy bacon, melted cheddar, and our secret Epic Sauce.",21-08-2022,73,Online
Neo Tokyo,Desserts,Power Pellet Pops,Fruit-infused ice pops.,01-07-2023,139,Takeaway
Mystic Falls,Burgers,Stealth Mode Mushroom,A grilled portobello cap with smoked gouda and garlic aioli.,16-12-2021,90,Takeaway
Arcadia Bay,Desserts,Save Point Sundae,"Ice cream, hot fudge, and sprinkles with a cherry on top.",11-08-2022,2,Dining
Neo Tokyo,Drinks,Health Potion Smoothie,A blend of red fruits with a secret energy mix.,09-09-2023,82,Takeaway
Mystic Falls,Burgers,Pixel Pepperjack,"A spicy beef burger with pepperjack cheese, jalapeños, and pixelated salsa.",29-03-2023,58,Takeaway
Neo Tokyo,Desserts,Save Point Sundae,"Ice cream, hot fudge, and sprinkles with a cherry on top.",20-04-2023,118,Online
Arcadia Bay,Burgers,Next Level Veggie,"A plant-based patty with grilled eggplant, zucchini, goat cheese, and green herb sauce.",05-05-2022,40,Online
Mystic Falls,Burgers,Next Level Veggie,"A plant-based patty with grilled eggplant, zucchini, goat cheese, and green herb sauce.",22-12-2022,9,Online
Elysium District,Burgers,Stealth Mode Mushroom,A grilled portobello cap with smoked gouda and garlic aioli.,05-12-2021,120,Dining
Neo Tokyo,Drinks,Health Potion Smoothie,A blend of red fruits with a secret energy mix.,07-07-2023,107,Online
Arcadia Bay,Burgers,Next Level Veggie,"A plant-based patty with grilled eggplant, zucchini, goat cheese, and green herb sauce.",29-04-2022,200,Dining
Arcadia Bay,Drinks,Mana Milkshake,A blueberry milkshake that restores your energy.,10-05-2023,68,Online
Arcadia Bay,Drinks,Mana Milkshake,A blueberry milkshake that restores your energy.,17-02-2022,134,Dining
Elysium District,Drinks,Mana Milkshake,A blueberry milkshake that restores your energy.,20-04-2022,122,Dining
Elysium District,Desserts,Save Point Sundae,"Ice cream, hot fudge, and sprinkles with a cherry on top.",05-09-2023,156,Dining
Mystic Falls,Desserts,Cheat Code Cookies,Cookies with chocolate chips and candies.,09-02-2023,122,Dining
Mystic Falls,Burgers,Pixel Pepperjack,"A spicy beef burger with pepperjack cheese, jalapeños, and pixelated salsa.",09-04-2023,54,Online
Arcadia Bay,Sides,Quantum Fries,Seasoned fries with a secret spice blend.,09-09-2022,66,Takeaway
Cyber City,Sides,Power-Up Fries,Seasoned fries with power-up dips.,09-06-2023,117,Takeaway
Mystic Falls,Burgers,Retro Reuben,"Corned beef, sauerkraut, Swiss cheese, and thousand island dressing on a rye bun.",22-08-2023,55,Dining
Arcadia Bay,Desserts,Save Point Sundae,"Ice cream, hot fudge, and sprinkles with a cherry on top.",02-08-2023,11,Online
Neo Tokyo,Desserts,Save Point Sundae,"Ice cream, hot fudge, and sprinkles with a cherry on top.",09-06-2022,66,Dining
Cyber City,Drinks,Mana Milkshake,A blueberry milkshake that restores your energy.,08-10-2023,41,Takeaway
Arcadia Bay,Sides,Byte-Size Tots,Crispy tater tots with cheat-code cheese sauce.,25-03-2022,37,Online
Mystic Falls,Burgers,Stealth Mode Mushroom,A grilled portobello cap with smoked gouda and garlic aioli.,31-08-2023,192,Takeaway
Elysium District,Desserts,Save Point Sundae,"Ice cream, hot fudge, and sprinkles with a cherry on top.",04-05-2023,24,Takeaway
Arcadia Bay,Sides,Power-Up Fries,Seasoned fries with power-up dips.,19-12-2022,176,Dining
Cyber City,Burgers,Epic Stack,"A double beef patty with epic layers of crispy bacon, melted cheddar, and our secret Epic Sauce.",17-06-2022,178,Takeaway
Elysium District,Desserts,Save Point Sundae,"Ice cream, hot fudge, and sprinkles with a cherry on top.",01-04-2023,167,Takeaway
Elysium District,Sides,Black Hole Fries,Fries with a dark garlic truffle sauce.,28-07-2022,6,Dining
Cyber City,Sides,Cosmic Rings,Onion rings with cosmic seasoning and intergalactic sauce.,01-11-2023,12,Takeaway
Cyber City,Sides,Byte-Size Tots,Crispy tater tots with cheat-code cheese sauce.,05-02-2023,165,Takeaway
Mystic Falls,Burgers,Avatar Avocado,A chicken burger with creamy avocado spread and sun-dried tomato mayo.,29-08-2022,61,Online
Neo Tokyo,Sides,Cosmic Rings,Onion rings with cosmic seasoning and intergalactic sauce.,24-09-2023,196,Dining
Cyber City,Burgers,Next Level Veggie,"A plant-based patty with grilled eggplant, zucchini, goat cheese, and green herb sauce.",25-09-2022,31,Takeaway
Cyber City,Burgers,Epic Stack,"A double beef patty with epic layers of crispy bacon, melted cheddar, and our secret Epic Sauce.",10-07-2022,68,Dining
Arcadia Bay,Burgers,Stealth Mode Mushroom,A grilled portobello cap with smoked gouda and garlic aioli.,25-06-2023,167,Takeaway
Mystic Falls,Drinks,Health Potion Smoothie,A blend of red fruits with a secret energy mix.,09-06-2023,171,Takeaway
Neo Tokyo,Drinks,XP Soda,A range of sodas in multiple epic flavors.,03-01-2022,166,Dining
Neo Tokyo,Desserts,Cheat Code Cookies,Cookies with chocolate chips and candies.,03-09-2022,95,Dining
Cyber City,Sides,Cosmic Rings,Onion rings with cosmic seasoning and intergalactic sauce.,17-05-2023,150,Takeaway
Elysium District,Drinks,XP Soda,A range of sodas in multiple epic flavors.,08-07-2023,8,Dining
Arcadia Bay,Desserts,Save Point Sundae,"Ice cream, hot fudge, and sprinkles with a cherry on top.",26-01-2022,80,Dining
Cyber City,Drinks,XP Soda,A range of sodas in multiple epic flavors.,14-03-2023,39,Online
Cyber City,Burgers,Epic Stack,"A double beef patty with epic layers of crispy bacon, melted cheddar, and our secret Epic Sauce.",26-02-2022,94,Takeaway
Elysium District,Burgers,Stealth Mode Mushroom,A grilled portobello cap with smoked gouda and garlic aioli.,04-07-2023,198,Takeaway
Arcadia Bay,Drinks,Mana Milkshake,A blueberry milkshake that restores your energy.,18-12-2021,121,Dining
Mystic Falls,Sides,Cosmic Rings,Onion rings with cosmic seasoning and intergalactic sauce.,10-07-2022,158,Dining
Elysium District,Burgers,Stealth Mode Mushroom,A grilled portobello cap with smoked gouda and garlic aioli.,17-04-2022,48,Dining
Neo Tokyo,Sides,Black Hole Fries,Fries with a dark garlic truffle sauce.,15-02-2022,64,Dining
Mystic Falls,Desserts,Cheat Code Cookies,Cookies with chocolate chips and candies.,22-12-2022,109,Takeaway
Mystic Falls,Drinks,XP Soda,A range of sodas in multiple epic flavors.,26-12-2022,21,Dining
Cyber City,Desserts,Power Pellet Pops,Fruit-infused ice pops.,07-07-2022,71,Online
Neo Tokyo,Sides,Byte-Size Tots,Crispy tater tots with cheat-code cheese sauce.,20-08-2023,14,Takeaway
Mystic Falls,Desserts,Cheat Code Cookies,Cookies with chocolate chips and candies.,28-01-2022,89,Takeaway
Arcadia Bay,Burgers,Stealth Mode Mushroom,A grilled portobello cap with smoked gouda and garlic aioli.,18-06-2023,105,Dining
Neo Tokyo,Drinks,Mana Milkshake,A blueberry milkshake that restores your energy.,09-07-2023,67,Dining
Elysium District,Sides,Byte-Size Tots,Crispy tater tots with cheat-code cheese sauce.,08-11-2021,113,Takeaway
Arcadia Bay,Sides,Cosmic Rings,Onion rings with cosmic seasoning and intergalactic sauce.,15-08-2022,148,Takeaway
Neo Tokyo,Sides,Quantum Fries,Seasoned fries with a secret spice blend.,12-01-2022,30,Takeaway
Mystic Falls,Burgers,Epic Stack,"A double beef patty with epic layers of crispy bacon, melted cheddar, and our secret Epic Sauce.",22-09-2023,139,Online
Mystic Falls,Burgers,Avatar Avocado,A chicken burger with creamy avocado spread and sun-dried tomato mayo.,05-01-2022,127,Dining
Arcadia Bay,Desserts,Save Point Sundae,"Ice cream, hot fudge, and sprinkles with a cherry on top.",17-07-2023,130,Takeaway
Elysium District,Drinks,Health Potion Smoothie,A blend of red fruits with a secret energy mix.,19-06-2023,59,Online
Arcadia Bay,Sides,Quantum Fries,Seasoned fries with a secret spice blend.,24-09-2022,45,Takeaway
Mystic Falls,Drinks,Health Potion Smoothie,A blend of red fruits with a secret energy mix.,11-04-2022,35,Dining
Arcadia Bay,Burgers,Avatar Avocado,A chicken burger with creamy avocado spread and sun-dried tomato mayo.,31-05-2022,63,Dining
Arcadia Bay,Desserts,Power Pellet Pops,Fruit-infused ice pops.,16-05-2023,82,Online
Neo Tokyo,Desserts,Save Point Sundae,"Ice cream, hot fudge, and sprinkles with a cherry on top.",20-09-2022,140,Online
Cyber City,Sides,Quantum Fries,Seasoned fries with a secret spice blend.,15-06-2023,107,Takeaway
Cyber City,Sides,Byte-Size Tots,Crispy tater tots with cheat-code cheese sauce.,17-01-2023,82,Takeaway
Arcadia Bay,Burgers,Next Level Veggie,"A plant-based patty with grilled eggplant, zucchini, goat cheese, and green herb sauce.",29-07-2022,54,Dining
Cyber City,Drinks,Mana Milkshake,A blueberry milkshake that restores your energy.,23-05-2022,14,Takeaway
Arcadia Bay,Desserts,Power Pellet Pops,Fruit-infused ice pops.,21-11-2021,142,Dining
Arcadia Bay,Desserts,Cheat Code Cookies,Cookies with chocolate chips and candies.,31-07-2023,47,Dining
Neo Tokyo,Sides,Supernova Sweet Potato Fries,Sweet and spicy sweet potato fries with starlight mayo.,23-03-2022,120,Dining
Cyber City,Desserts,Cheat Code Cookies,Cookies with chocolate chips and candies.,26-12-2022,162,Online
Elysium District,Drinks,Mana Milkshake,A blueberry milkshake that restores your energy.,25-04-2023,23,Online
Mystic Falls,Drinks,Mana Milkshake,A blueberry milkshake that restores your energy.,23-03-2023,122,Dining
Mystic Falls,Desserts,Power Pellet Pops,Fruit-infused ice pops.,14-07-2023,142,Dining
Arcadia Bay,Drinks,Health Potion Smoothie,A blend of red fruits with a secret energy mix.,24-04-2022,3,Takeaway
Mystic Falls,Drinks,Health Potion Smoothie,A blend of red fruits with a secret energy mix.,29-01-2022,97,Online
Neo Tokyo,Drinks,XP Soda,A range of sodas in multiple epic flavors.,01-07-2023,198,Dining
Arcadia Bay,Burgers,Next Level Veggie,"A plant-based patty with grilled eggplant, zucchini, goat cheese, and green herb sauce.",24-12-2021,136,Dining
Elysium District,Burgers,Epic Stack,"A double beef patty with epic layers of crispy bacon, melted cheddar, and our secret Epic Sauce.",14-11-2021,34,Dining
Neo Tokyo,Drinks,Mana Milkshake,A blueberry milkshake that restores your energy.,22-04-2023,95,Online
Elysium District,Desserts,Cheat Code Cookies,Cookies with chocolate chips and candies.,26-10-2022,2,Online
Elysium District,Burgers,Avatar Avocado,A chicken burger with creamy avocado spread and sun-dried tomato mayo.,27-12-2022,181,Dining
Mystic Falls,Sides,Black Hole Fries,Fries with a dark garlic truffle sauce.,17-01-2022,95,Dining
Cyber City,Sides,Power-Up Fries,Seasoned fries with power-up dips.,08-01-2022,69,Dining
Cyber City,Burgers,Retro Reuben,"Corned beef, sauerkraut, Swiss cheese, and thousand island dressing on a rye bun.",18-11-2022,184,Dining
Mystic Falls,Sides,Supernova Sweet Potato Fries,Sweet and spicy sweet potato fries with starlight mayo.,10-05-2022,181,Online
Arcadia Bay,Sides,Quantum Fries,Seasoned fries with a secret spice blend.,21-07-2022,186,Takeaway
Cyber City,Sides,Black Hole Fries,Fries with a dark garlic truffle sauce.,20-10-2023,32,Takeaway
Elysium District,Sides,Power-Up Fries,Seasoned fries with power-up dips.,03-03-2023,63,Takeaway
Mystic Falls,Desserts,Power Pellet Pops,Fruit-infused ice pops.,04-03-2022,13,Online
Neo Tokyo,Sides,Byte-Size Tots,Crispy tater tots with cheat-code cheese sauce.,20-08-2023,23,Dining
Elysium District,Burgers,Next Level Veggie,"A plant-based patty with grilled eggplant, zucchini, goat cheese, and green herb sauce.",07-08-2022,147,Online
Arcadia Bay,Desserts,Save Point Sundae,"Ice cream, hot fudge, and sprinkles with a cherry on top.",20-07-2023,186,Takeaway
Mystic Falls,Desserts,Save Point Sundae,"Ice cream, hot fudge, and sprinkles with a cherry on top.",08-08-2023,111,Takeaway
Elysium District,Desserts,Power Pellet Pops,Fruit-infused ice pops.,08-01-2022,14,Online
Cyber City,Burgers,Avatar Avocado,A chicken burger with creamy avocado spread and sun-dried tomato mayo.,02-11-2023,97,Dining
Mystic Falls,Desserts,Save Point Sundae,"Ice cream, hot fudge, and sprinkles with a cherry on top.",20-06-2023,183,Takeaway
Elysium District,Burgers,Stealth Mode Mushroom,A grilled portobello cap with smoked gouda and garlic aioli.,26-02-2022,182,Online
Neo Tokyo,Burgers,Retro Reuben,"Corned beef, sauerkraut, Swiss cheese, and thousand island dressing on a rye bun.",05-10-2023,130,Dining
Elysium District,Burgers,Epic Stack,"A double beef patty with epic layers of crispy bacon, melted cheddar, and our secret Epic Sauce.",14-12-2022,30,Takeaway
Arcadia Bay,Burgers,Avatar Avocado,A chicken burger with creamy avocado spread and sun-dried tomato mayo.,31-07-2023,167,Takeaway
Arcadia Bay,Desserts,Save Point Sundae,"Ice cream, hot fudge, and sprinkles with a cherry on top.",30-12-2021,60,Takeaway
